id,method,frontend_path,frontend_file,frontend_line,matched_controller,controller_candidates,status,notes
API-0001,GET,/dashboard/layout,apps/frontend/src/hooks/use-dashboard-layout.ts,86,yes,/dashboard/layout @ domains/dashboard/src/api/dashboard.controller.ts:22 | /dashboard/layout/device/:deviceId @ domains/dashboard/src/api/dashboard.controller.ts:54,STATIC_MATCH,Template/dynamic path match is conservative
API-0002,PUT,/dashboard/layout,apps/frontend/src/hooks/use-dashboard-layout.ts,93,yes,/dashboard/layout @ domains/dashboard/src/api/dashboard.controller.ts:29 | /dashboard/layout/device/:deviceId @ domains/dashboard/src/api/dashboard.controller.ts:64,STATIC_MATCH,Template/dynamic path match is conservative
API-0003,POST,/dashboard/layout/reset,apps/frontend/src/hooks/use-dashboard-layout.ts,252,yes,/dashboard/layout/reset @ domains/dashboard/src/api/dashboard.controller.ts:44,STATIC_MATCH,Template/dynamic path match is conservative
API-0004,GET,/jellyfin/servers/:param/items/:param/detail,apps/frontend/src/lib/jellyfin-media-api.ts,140,yes,/jellyfin/servers/:serverId/items/:externalId/media-info @ domains/jellyfin/src/api/jellyfin-stream.controller.ts:59 | /jellyfin/servers/:serverId/items/:externalId/subtitles/:subtitleIndex @ domains/jellyfin/src/api/jellyfin-stream.controller.ts:81 | /jellyfin/servers/:serverId/items/:externalId/stream @ domains/jellyfin/src/api/jellyfin-stream.controller.ts:146 | /jellyfin/servers/:serverId/items/:externalId/image @ domains/jellyfin/src/api/jellyfin-stream.controller.ts:220,STATIC_MATCH,Template/dynamic path match is conservative
API-0005,GET,/jellyfin/servers/:param/continue-watching?limit=:param,apps/frontend/src/lib/jellyfin-media-api.ts,144,yes,/jellyfin/servers/:serverId/items/:externalId/media-info @ domains/jellyfin/src/api/jellyfin-stream.controller.ts:59 | /jellyfin/servers/:serverId/items/:externalId/subtitles/:subtitleIndex @ domains/jellyfin/src/api/jellyfin-stream.controller.ts:81 | /jellyfin/servers/:serverId/items/:externalId/stream @ domains/jellyfin/src/api/jellyfin-stream.controller.ts:146 | /jellyfin/servers/:serverId/items/:externalId/image @ domains/jellyfin/src/api/jellyfin-stream.controller.ts:220,STATIC_MATCH,Template/dynamic path match is conservative
API-0006,GET,/jellyfin/servers/:param/items/:param/similar?limit=:param,apps/frontend/src/lib/jellyfin-media-api.ts,148,yes,/jellyfin/servers/:serverId/items/:externalId/media-info @ domains/jellyfin/src/api/jellyfin-stream.controller.ts:59 | /jellyfin/servers/:serverId/items/:externalId/subtitles/:subtitleIndex @ domains/jellyfin/src/api/jellyfin-stream.controller.ts:81 | /jellyfin/servers/:serverId/items/:externalId/stream @ domains/jellyfin/src/api/jellyfin-stream.controller.ts:146 | /jellyfin/servers/:serverId/items/:externalId/image @ domains/jellyfin/src/api/jellyfin-stream.controller.ts:220,STATIC_MATCH,Template/dynamic path match is conservative
API-0007,GET,/jellyfin/servers/:param/items/:param/people,apps/frontend/src/lib/jellyfin-media-api.ts,152,yes,/jellyfin/servers/:serverId/items/:externalId/media-info @ domains/jellyfin/src/api/jellyfin-stream.controller.ts:59 | /jellyfin/servers/:serverId/items/:externalId/subtitles/:subtitleIndex @ domains/jellyfin/src/api/jellyfin-stream.controller.ts:81 | /jellyfin/servers/:serverId/items/:externalId/stream @ domains/jellyfin/src/api/jellyfin-stream.controller.ts:146 | /jellyfin/servers/:serverId/items/:externalId/image @ domains/jellyfin/src/api/jellyfin-stream.controller.ts:220,STATIC_MATCH,Template/dynamic path match is conservative
API-0008,GET,/jellyfin/servers/:param/search-media?q=:param&limit=:param,apps/frontend/src/lib/jellyfin-media-api.ts,156,yes,/jellyfin/servers/:serverId/items/:externalId/media-info @ domains/jellyfin/src/api/jellyfin-stream.controller.ts:59 | /jellyfin/servers/:serverId/items/:externalId/subtitles/:subtitleIndex @ domains/jellyfin/src/api/jellyfin-stream.controller.ts:81 | /jellyfin/servers/:serverId/items/:externalId/stream @ domains/jellyfin/src/api/jellyfin-stream.controller.ts:146 | /jellyfin/servers/:serverId/items/:externalId/image @ domains/jellyfin/src/api/jellyfin-stream.controller.ts:220,STATIC_MATCH,Template/dynamic path match is conservative
API-0009,GET,/jellyfin/servers/:param/items/:param/children,apps/frontend/src/lib/jellyfin-media-api.ts,160,yes,/jellyfin/servers/:serverId/items/:externalId/media-info @ domains/jellyfin/src/api/jellyfin-stream.controller.ts:59 | /jellyfin/servers/:serverId/items/:externalId/subtitles/:subtitleIndex @ domains/jellyfin/src/api/jellyfin-stream.controller.ts:81 | /jellyfin/servers/:serverId/items/:externalId/stream @ domains/jellyfin/src/api/jellyfin-stream.controller.ts:146 | /jellyfin/servers/:serverId/items/:externalId/image @ domains/jellyfin/src/api/jellyfin-stream.controller.ts:220,STATIC_MATCH,Template/dynamic path match is conservative
API-0010,POST,/jellyfin/servers/:param/items/:param/toggle-watched,apps/frontend/src/lib/jellyfin-media-api.ts,164,yes,/jellyfin/servers @ domains/jellyfin/src/api/jellyfin.controller.ts:18 | /jellyfin/servers/:id/sync @ domains/jellyfin/src/api/jellyfin.controller.ts:47 | /jellyfin/servers/:serverId/playlists @ domains/jellyfin/src/api/jellyfin.controller.ts:256 | /jellyfin/servers/:serverId/playlists/:playlistId/items @ domains/jellyfin/src/api/jellyfin.controller.ts:267,STATIC_MATCH,Template/dynamic path match is conservative
API-0011,POST,/jellyfin/servers/:param/items/:param/favorite,apps/frontend/src/lib/jellyfin-media-api.ts,168,yes,/jellyfin/servers @ domains/jellyfin/src/api/jellyfin.controller.ts:18 | /jellyfin/servers/:id/sync @ domains/jellyfin/src/api/jellyfin.controller.ts:47 | /jellyfin/servers/:serverId/playlists @ domains/jellyfin/src/api/jellyfin.controller.ts:256 | /jellyfin/servers/:serverId/playlists/:playlistId/items @ domains/jellyfin/src/api/jellyfin.controller.ts:267,STATIC_MATCH,Template/dynamic path match is conservative
API-0012,GET,/jellyfin/servers/:param/latest?limit=:param,apps/frontend/src/lib/jellyfin-media-api.ts,172,yes,/jellyfin/servers/:serverId/items/:externalId/media-info @ domains/jellyfin/src/api/jellyfin-stream.controller.ts:59 | /jellyfin/servers/:serverId/items/:externalId/subtitles/:subtitleIndex @ domains/jellyfin/src/api/jellyfin-stream.controller.ts:81 | /jellyfin/servers/:serverId/items/:externalId/stream @ domains/jellyfin/src/api/jellyfin-stream.controller.ts:146 | /jellyfin/servers/:serverId/items/:externalId/image @ domains/jellyfin/src/api/jellyfin-stream.controller.ts:220,STATIC_MATCH,Template/dynamic path match is conservative
API-0013,GET,/jellyfin/servers/:param/genre/:param?limit=:param,apps/frontend/src/lib/jellyfin-media-api.ts,180,yes,/jellyfin/servers/:serverId/items/:externalId/media-info @ domains/jellyfin/src/api/jellyfin-stream.controller.ts:59 | /jellyfin/servers/:serverId/items/:externalId/subtitles/:subtitleIndex @ domains/jellyfin/src/api/jellyfin-stream.controller.ts:81 | /jellyfin/servers/:serverId/items/:externalId/stream @ domains/jellyfin/src/api/jellyfin-stream.controller.ts:146 | /jellyfin/servers/:serverId/items/:externalId/image @ domains/jellyfin/src/api/jellyfin-stream.controller.ts:220,STATIC_MATCH,Template/dynamic path match is conservative
API-0014,GET,/jellyfin/servers/:param/favorites/media,apps/frontend/src/lib/jellyfin-media-api.ts,184,yes,/jellyfin/servers/:serverId/items/:externalId/media-info @ domains/jellyfin/src/api/jellyfin-stream.controller.ts:59 | /jellyfin/servers/:serverId/items/:externalId/subtitles/:subtitleIndex @ domains/jellyfin/src/api/jellyfin-stream.controller.ts:81 | /jellyfin/servers/:serverId/items/:externalId/stream @ domains/jellyfin/src/api/jellyfin-stream.controller.ts:146 | /jellyfin/servers/:serverId/items/:externalId/image @ domains/jellyfin/src/api/jellyfin-stream.controller.ts:220,STATIC_MATCH,Template/dynamic path match is conservative
API-0015,GET,/jellyfin/servers/:param/watchlist,apps/frontend/src/lib/jellyfin-media-api.ts,188,yes,/jellyfin/servers/:serverId/items/:externalId/media-info @ domains/jellyfin/src/api/jellyfin-stream.controller.ts:59 | /jellyfin/servers/:serverId/items/:externalId/subtitles/:subtitleIndex @ domains/jellyfin/src/api/jellyfin-stream.controller.ts:81 | /jellyfin/servers/:serverId/items/:externalId/stream @ domains/jellyfin/src/api/jellyfin-stream.controller.ts:146 | /jellyfin/servers/:serverId/items/:externalId/image @ domains/jellyfin/src/api/jellyfin-stream.controller.ts:220,STATIC_MATCH,Template/dynamic path match is conservative
API-0016,GET,/jellyfin/servers/:param/watchlists,apps/frontend/src/lib/jellyfin-media-api.ts,223,yes,/jellyfin/servers/:serverId/items/:externalId/media-info @ domains/jellyfin/src/api/jellyfin-stream.controller.ts:59 | /jellyfin/servers/:serverId/items/:externalId/subtitles/:subtitleIndex @ domains/jellyfin/src/api/jellyfin-stream.controller.ts:81 | /jellyfin/servers/:serverId/items/:externalId/stream @ domains/jellyfin/src/api/jellyfin-stream.controller.ts:146 | /jellyfin/servers/:serverId/items/:externalId/image @ domains/jellyfin/src/api/jellyfin-stream.controller.ts:220,STATIC_MATCH,Template/dynamic path match is conservative
API-0017,POST,/jellyfin/servers/:param/watchlists,apps/frontend/src/lib/jellyfin-media-api.ts,227,yes,/jellyfin/servers @ domains/jellyfin/src/api/jellyfin.controller.ts:18 | /jellyfin/servers/:id/sync @ domains/jellyfin/src/api/jellyfin.controller.ts:47 | /jellyfin/servers/:serverId/playlists @ domains/jellyfin/src/api/jellyfin.controller.ts:256 | /jellyfin/servers/:serverId/playlists/:playlistId/items @ domains/jellyfin/src/api/jellyfin.controller.ts:267,STATIC_MATCH,Template/dynamic path match is conservative
API-0018,PATCH,/jellyfin/servers/:param/watchlists/:param,apps/frontend/src/lib/jellyfin-media-api.ts,231,yes,/jellyfin/servers/:serverId/watchlists/:listId @ domains/jellyfin/src/api/jellyfin.controller.ts:498,STATIC_MATCH,Template/dynamic path match is conservative
API-0019,DELETE,/jellyfin/servers/:param/watchlists/:param,apps/frontend/src/lib/jellyfin-media-api.ts,235,yes,/jellyfin/servers/:id @ domains/jellyfin/src/api/jellyfin.controller.ts:39 | /jellyfin/servers/:serverId/playlists/:playlistId/items/:songId @ domains/jellyfin/src/api/jellyfin.controller.ts:280 | /jellyfin/servers/:serverId/playlists/:playlistId @ domains/jellyfin/src/api/jellyfin.controller.ts:293 | /jellyfin/servers/:serverId/watchlists/:listId @ domains/jellyfin/src/api/jellyfin.controller.ts:510,STATIC_MATCH,Template/dynamic path match is conservative
API-0020,GET,/jellyfin/servers/:param/watchlists/:param/items,apps/frontend/src/lib/jellyfin-media-api.ts,239,yes,/jellyfin/servers/:serverId/items/:externalId/media-info @ domains/jellyfin/src/api/jellyfin-stream.controller.ts:59 | /jellyfin/servers/:serverId/items/:externalId/subtitles/:subtitleIndex @ domains/jellyfin/src/api/jellyfin-stream.controller.ts:81 | /jellyfin/servers/:serverId/items/:externalId/stream @ domains/jellyfin/src/api/jellyfin-stream.controller.ts:146 | /jellyfin/servers/:serverId/items/:externalId/image @ domains/jellyfin/src/api/jellyfin-stream.controller.ts:220,STATIC_MATCH,Template/dynamic path match is conservative
API-0021,POST,/jellyfin/servers/:param/watchlists/:param/items,apps/frontend/src/lib/jellyfin-media-api.ts,249,yes,/jellyfin/servers @ domains/jellyfin/src/api/jellyfin.controller.ts:18 | /jellyfin/servers/:id/sync @ domains/jellyfin/src/api/jellyfin.controller.ts:47 | /jellyfin/servers/:serverId/playlists @ domains/jellyfin/src/api/jellyfin.controller.ts:256 | /jellyfin/servers/:serverId/playlists/:playlistId/items @ domains/jellyfin/src/api/jellyfin.controller.ts:267,STATIC_MATCH,Template/dynamic path match is conservative
API-0022,DELETE,/jellyfin/servers/:param/watchlists/:param/items/:param,apps/frontend/src/lib/jellyfin-media-api.ts,253,yes,/jellyfin/servers/:id @ domains/jellyfin/src/api/jellyfin.controller.ts:39 | /jellyfin/servers/:serverId/playlists/:playlistId/items/:songId @ domains/jellyfin/src/api/jellyfin.controller.ts:280 | /jellyfin/servers/:serverId/playlists/:playlistId @ domains/jellyfin/src/api/jellyfin.controller.ts:293 | /jellyfin/servers/:serverId/watchlists/:listId @ domains/jellyfin/src/api/jellyfin.controller.ts:510,STATIC_MATCH,Template/dynamic path match is conservative
API-0023,GET,/jellyfin/servers/:param/watchlists/status/:param,apps/frontend/src/lib/jellyfin-media-api.ts,257,yes,/jellyfin/servers/:serverId/items/:externalId/media-info @ domains/jellyfin/src/api/jellyfin-stream.controller.ts:59 | /jellyfin/servers/:serverId/items/:externalId/subtitles/:subtitleIndex @ domains/jellyfin/src/api/jellyfin-stream.controller.ts:81 | /jellyfin/servers/:serverId/items/:externalId/stream @ domains/jellyfin/src/api/jellyfin-stream.controller.ts:146 | /jellyfin/servers/:serverId/items/:externalId/image @ domains/jellyfin/src/api/jellyfin-stream.controller.ts:220,STATIC_MATCH,Template/dynamic path match is conservative
API-0024,GET,/jellyfin/servers,apps/frontend/src/lib/music-api.ts,198,yes,/jellyfin/servers/:serverId/items/:externalId/media-info @ domains/jellyfin/src/api/jellyfin-stream.controller.ts:59 | /jellyfin/servers/:serverId/items/:externalId/subtitles/:subtitleIndex @ domains/jellyfin/src/api/jellyfin-stream.controller.ts:81 | /jellyfin/servers/:serverId/items/:externalId/stream @ domains/jellyfin/src/api/jellyfin-stream.controller.ts:146 | /jellyfin/servers/:serverId/items/:externalId/image @ domains/jellyfin/src/api/jellyfin-stream.controller.ts:220,STATIC_MATCH,Template/dynamic path match is conservative
API-0025,GET,/jellyfin/servers/:param/recent?limit=:param,apps/frontend/src/lib/music-api.ts,210,yes,/jellyfin/servers/:serverId/items/:externalId/media-info @ domains/jellyfin/src/api/jellyfin-stream.controller.ts:59 | /jellyfin/servers/:serverId/items/:externalId/subtitles/:subtitleIndex @ domains/jellyfin/src/api/jellyfin-stream.controller.ts:81 | /jellyfin/servers/:serverId/items/:externalId/stream @ domains/jellyfin/src/api/jellyfin-stream.controller.ts:146 | /jellyfin/servers/:serverId/items/:externalId/image @ domains/jellyfin/src/api/jellyfin-stream.controller.ts:220,STATIC_MATCH,Template/dynamic path match is conservative
API-0026,GET,/jellyfin/servers/:param/albums/recent?limit=:param,apps/frontend/src/lib/music-api.ts,223,yes,/jellyfin/servers/:serverId/items/:externalId/media-info @ domains/jellyfin/src/api/jellyfin-stream.controller.ts:59 | /jellyfin/servers/:serverId/items/:externalId/subtitles/:subtitleIndex @ domains/jellyfin/src/api/jellyfin-stream.controller.ts:81 | /jellyfin/servers/:serverId/items/:externalId/stream @ domains/jellyfin/src/api/jellyfin-stream.controller.ts:146 | /jellyfin/servers/:serverId/items/:externalId/image @ domains/jellyfin/src/api/jellyfin-stream.controller.ts:220,STATIC_MATCH,Template/dynamic path match is conservative
API-0027,GET,/jellyfin/artists?serverId=:param,apps/frontend/src/lib/music-api.ts,233,yes,/jellyfin/artists @ domains/jellyfin/src/api/jellyfin.controller.ts:98,STATIC_MATCH,Template/dynamic path match is conservative
API-0028,GET,/jellyfin/albums?serverId=:param&artistId=:param,apps/frontend/src/lib/music-api.ts,244,yes,/jellyfin/albums @ domains/jellyfin/src/api/jellyfin.controller.ts:105,STATIC_MATCH,Template/dynamic path match is conservative
API-0029,GET,/jellyfin/servers/:param/albums/:param/songs,apps/frontend/src/lib/music-api.ts,255,yes,/jellyfin/servers/:serverId/items/:externalId/media-info @ domains/jellyfin/src/api/jellyfin-stream.controller.ts:59 | /jellyfin/servers/:serverId/items/:externalId/subtitles/:subtitleIndex @ domains/jellyfin/src/api/jellyfin-stream.controller.ts:81 | /jellyfin/servers/:serverId/items/:externalId/stream @ domains/jellyfin/src/api/jellyfin-stream.controller.ts:146 | /jellyfin/servers/:serverId/items/:externalId/image @ domains/jellyfin/src/api/jellyfin-stream.controller.ts:220,STATIC_MATCH,Template/dynamic path match is conservative
API-0030,GET,/jellyfin/servers/:param/items/:param/children,apps/frontend/src/lib/music-api.ts,266,yes,/jellyfin/servers/:serverId/items/:externalId/media-info @ domains/jellyfin/src/api/jellyfin-stream.controller.ts:59 | /jellyfin/servers/:serverId/items/:externalId/subtitles/:subtitleIndex @ domains/jellyfin/src/api/jellyfin-stream.controller.ts:81 | /jellyfin/servers/:serverId/items/:externalId/stream @ domains/jellyfin/src/api/jellyfin-stream.controller.ts:146 | /jellyfin/servers/:serverId/items/:externalId/image @ domains/jellyfin/src/api/jellyfin-stream.controller.ts:220,STATIC_MATCH,Template/dynamic path match is conservative
API-0031,GET,/jellyfin/servers/:param/search?q=:param,apps/frontend/src/lib/music-api.ts,277,yes,/jellyfin/servers/:serverId/items/:externalId/media-info @ domains/jellyfin/src/api/jellyfin-stream.controller.ts:59 | /jellyfin/servers/:serverId/items/:externalId/subtitles/:subtitleIndex @ domains/jellyfin/src/api/jellyfin-stream.controller.ts:81 | /jellyfin/servers/:serverId/items/:externalId/stream @ domains/jellyfin/src/api/jellyfin-stream.controller.ts:146 | /jellyfin/servers/:serverId/items/:externalId/image @ domains/jellyfin/src/api/jellyfin-stream.controller.ts:220,STATIC_MATCH,Template/dynamic path match is conservative
API-0032,GET,/jellyfin/servers/:param/songs?:param,apps/frontend/src/lib/music-api.ts,297,yes,/jellyfin/servers/:serverId/items/:externalId/media-info @ domains/jellyfin/src/api/jellyfin-stream.controller.ts:59 | /jellyfin/servers/:serverId/items/:externalId/subtitles/:subtitleIndex @ domains/jellyfin/src/api/jellyfin-stream.controller.ts:81 | /jellyfin/servers/:serverId/items/:externalId/stream @ domains/jellyfin/src/api/jellyfin-stream.controller.ts:146 | /jellyfin/servers/:serverId/items/:externalId/image @ domains/jellyfin/src/api/jellyfin-stream.controller.ts:220,STATIC_MATCH,Template/dynamic path match is conservative
API-0033,GET,/jellyfin/servers/:param/genres,apps/frontend/src/lib/music-api.ts,307,yes,/jellyfin/servers/:serverId/items/:externalId/media-info @ domains/jellyfin/src/api/jellyfin-stream.controller.ts:59 | /jellyfin/servers/:serverId/items/:externalId/subtitles/:subtitleIndex @ domains/jellyfin/src/api/jellyfin-stream.controller.ts:81 | /jellyfin/servers/:serverId/items/:externalId/stream @ domains/jellyfin/src/api/jellyfin-stream.controller.ts:146 | /jellyfin/servers/:serverId/items/:externalId/image @ domains/jellyfin/src/api/jellyfin-stream.controller.ts:220,STATIC_MATCH,Template/dynamic path match is conservative
API-0034,GET,/jellyfin/servers/:param/genres/:param/songs,apps/frontend/src/lib/music-api.ts,318,yes,/jellyfin/servers/:serverId/items/:externalId/media-info @ domains/jellyfin/src/api/jellyfin-stream.controller.ts:59 | /jellyfin/servers/:serverId/items/:externalId/subtitles/:subtitleIndex @ domains/jellyfin/src/api/jellyfin-stream.controller.ts:81 | /jellyfin/servers/:serverId/items/:externalId/stream @ domains/jellyfin/src/api/jellyfin-stream.controller.ts:146 | /jellyfin/servers/:serverId/items/:externalId/image @ domains/jellyfin/src/api/jellyfin-stream.controller.ts:220,STATIC_MATCH,Template/dynamic path match is conservative
API-0035,GET,/jellyfin/servers/:param/artists/:param/top-songs?limit=:param,apps/frontend/src/lib/music-api.ts,329,yes,/jellyfin/servers/:serverId/items/:externalId/media-info @ domains/jellyfin/src/api/jellyfin-stream.controller.ts:59 | /jellyfin/servers/:serverId/items/:externalId/subtitles/:subtitleIndex @ domains/jellyfin/src/api/jellyfin-stream.controller.ts:81 | /jellyfin/servers/:serverId/items/:externalId/stream @ domains/jellyfin/src/api/jellyfin-stream.controller.ts:146 | /jellyfin/servers/:serverId/items/:externalId/image @ domains/jellyfin/src/api/jellyfin-stream.controller.ts:220,STATIC_MATCH,Template/dynamic path match is conservative
API-0036,GET,/jellyfin/servers/:param/playlists,apps/frontend/src/lib/music-api.ts,344,yes,/jellyfin/servers/:serverId/items/:externalId/media-info @ domains/jellyfin/src/api/jellyfin-stream.controller.ts:59 | /jellyfin/servers/:serverId/items/:externalId/subtitles/:subtitleIndex @ domains/jellyfin/src/api/jellyfin-stream.controller.ts:81 | /jellyfin/servers/:serverId/items/:externalId/stream @ domains/jellyfin/src/api/jellyfin-stream.controller.ts:146 | /jellyfin/servers/:serverId/items/:externalId/image @ domains/jellyfin/src/api/jellyfin-stream.controller.ts:220,STATIC_MATCH,Template/dynamic path match is conservative
API-0037,GET,/jellyfin/servers/:param/playlists/:param,apps/frontend/src/lib/music-api.ts,355,yes,/jellyfin/servers/:serverId/items/:externalId/media-info @ domains/jellyfin/src/api/jellyfin-stream.controller.ts:59 | /jellyfin/servers/:serverId/items/:externalId/subtitles/:subtitleIndex @ domains/jellyfin/src/api/jellyfin-stream.controller.ts:81 | /jellyfin/servers/:serverId/items/:externalId/stream @ domains/jellyfin/src/api/jellyfin-stream.controller.ts:146 | /jellyfin/servers/:serverId/items/:externalId/image @ domains/jellyfin/src/api/jellyfin-stream.controller.ts:220,STATIC_MATCH,Template/dynamic path match is conservative
API-0038,GET,/jellyfin/servers/:param/playlists/:param/items,apps/frontend/src/lib/music-api.ts,366,yes,/jellyfin/servers/:serverId/items/:externalId/media-info @ domains/jellyfin/src/api/jellyfin-stream.controller.ts:59 | /jellyfin/servers/:serverId/items/:externalId/subtitles/:subtitleIndex @ domains/jellyfin/src/api/jellyfin-stream.controller.ts:81 | /jellyfin/servers/:serverId/items/:externalId/stream @ domains/jellyfin/src/api/jellyfin-stream.controller.ts:146 | /jellyfin/servers/:serverId/items/:externalId/image @ domains/jellyfin/src/api/jellyfin-stream.controller.ts:220,STATIC_MATCH,Template/dynamic path match is conservative
API-0039,POST,/jellyfin/servers/:param/playlists,apps/frontend/src/lib/music-api.ts,389,yes,/jellyfin/servers @ domains/jellyfin/src/api/jellyfin.controller.ts:18 | /jellyfin/servers/:id/sync @ domains/jellyfin/src/api/jellyfin.controller.ts:47 | /jellyfin/servers/:serverId/playlists @ domains/jellyfin/src/api/jellyfin.controller.ts:256 | /jellyfin/servers/:serverId/playlists/:playlistId/items @ domains/jellyfin/src/api/jellyfin.controller.ts:267,STATIC_MATCH,Template/dynamic path match is conservative
API-0040,POST,/jellyfin/servers/:param/playlists/:param/items,apps/frontend/src/lib/music-api.ts,399,yes,/jellyfin/servers @ domains/jellyfin/src/api/jellyfin.controller.ts:18 | /jellyfin/servers/:id/sync @ domains/jellyfin/src/api/jellyfin.controller.ts:47 | /jellyfin/servers/:serverId/playlists @ domains/jellyfin/src/api/jellyfin.controller.ts:256 | /jellyfin/servers/:serverId/playlists/:playlistId/items @ domains/jellyfin/src/api/jellyfin.controller.ts:267,STATIC_MATCH,Template/dynamic path match is conservative
API-0041,DELETE,/jellyfin/servers/:param/playlists/:param/items/:param,apps/frontend/src/lib/music-api.ts,409,yes,/jellyfin/servers/:id @ domains/jellyfin/src/api/jellyfin.controller.ts:39 | /jellyfin/servers/:serverId/playlists/:playlistId/items/:songId @ domains/jellyfin/src/api/jellyfin.controller.ts:280 | /jellyfin/servers/:serverId/playlists/:playlistId @ domains/jellyfin/src/api/jellyfin.controller.ts:293 | /jellyfin/servers/:serverId/watchlists/:listId @ domains/jellyfin/src/api/jellyfin.controller.ts:510,STATIC_MATCH,Template/dynamic path match is conservative
API-0042,DELETE,/jellyfin/servers/:param/playlists/:param,apps/frontend/src/lib/music-api.ts,419,yes,/jellyfin/servers/:id @ domains/jellyfin/src/api/jellyfin.controller.ts:39 | /jellyfin/servers/:serverId/playlists/:playlistId/items/:songId @ domains/jellyfin/src/api/jellyfin.controller.ts:280 | /jellyfin/servers/:serverId/playlists/:playlistId @ domains/jellyfin/src/api/jellyfin.controller.ts:293 | /jellyfin/servers/:serverId/watchlists/:listId @ domains/jellyfin/src/api/jellyfin.controller.ts:510,STATIC_MATCH,Template/dynamic path match is conservative
API-0043,GET,/jellyfin/servers/:param/favorites?type=:param,apps/frontend/src/lib/music-api.ts,434,yes,/jellyfin/servers/:serverId/items/:externalId/media-info @ domains/jellyfin/src/api/jellyfin-stream.controller.ts:59 | /jellyfin/servers/:serverId/items/:externalId/subtitles/:subtitleIndex @ domains/jellyfin/src/api/jellyfin-stream.controller.ts:81 | /jellyfin/servers/:serverId/items/:externalId/stream @ domains/jellyfin/src/api/jellyfin-stream.controller.ts:146 | /jellyfin/servers/:serverId/items/:externalId/image @ domains/jellyfin/src/api/jellyfin-stream.controller.ts:220,STATIC_MATCH,Template/dynamic path match is conservative
API-0044,GET,/jellyfin/servers/:param/items/:param/detail,apps/frontend/src/lib/music-api.ts,450,yes,/jellyfin/servers/:serverId/items/:externalId/media-info @ domains/jellyfin/src/api/jellyfin-stream.controller.ts:59 | /jellyfin/servers/:serverId/items/:externalId/subtitles/:subtitleIndex @ domains/jellyfin/src/api/jellyfin-stream.controller.ts:81 | /jellyfin/servers/:serverId/items/:externalId/stream @ domains/jellyfin/src/api/jellyfin-stream.controller.ts:146 | /jellyfin/servers/:serverId/items/:externalId/image @ domains/jellyfin/src/api/jellyfin-stream.controller.ts:220,STATIC_MATCH,Template/dynamic path match is conservative
API-0045,POST,/jellyfin/servers/:param/items/:param/favorite,apps/frontend/src/lib/music-api.ts,463,yes,/jellyfin/servers @ domains/jellyfin/src/api/jellyfin.controller.ts:18 | /jellyfin/servers/:id/sync @ domains/jellyfin/src/api/jellyfin.controller.ts:47 | /jellyfin/servers/:serverId/playlists @ domains/jellyfin/src/api/jellyfin.controller.ts:256 | /jellyfin/servers/:serverId/playlists/:playlistId/items @ domains/jellyfin/src/api/jellyfin.controller.ts:267,STATIC_MATCH,Template/dynamic path match is conservative
API-0046,POST,/jellyfin/servers/:param/items/:param/favorite,apps/frontend/src/lib/music-api.ts,485,yes,/jellyfin/servers @ domains/jellyfin/src/api/jellyfin.controller.ts:18 | /jellyfin/servers/:id/sync @ domains/jellyfin/src/api/jellyfin.controller.ts:47 | /jellyfin/servers/:serverId/playlists @ domains/jellyfin/src/api/jellyfin.controller.ts:256 | /jellyfin/servers/:serverId/playlists/:playlistId/items @ domains/jellyfin/src/api/jellyfin.controller.ts:267,STATIC_MATCH,Template/dynamic path match is conservative
API-0047,POST,/jellyfin/servers/:param/items/:param/favorite,apps/frontend/src/lib/music-api.ts,502,yes,/jellyfin/servers @ domains/jellyfin/src/api/jellyfin.controller.ts:18 | /jellyfin/servers/:id/sync @ domains/jellyfin/src/api/jellyfin.controller.ts:47 | /jellyfin/servers/:serverId/playlists @ domains/jellyfin/src/api/jellyfin.controller.ts:256 | /jellyfin/servers/:serverId/playlists/:playlistId/items @ domains/jellyfin/src/api/jellyfin.controller.ts:267,STATIC_MATCH,Template/dynamic path match is conservative
API-0048,POST,/jellyfin/servers/:param/items/:param/rating,apps/frontend/src/lib/music-api.ts,522,yes,/jellyfin/servers @ domains/jellyfin/src/api/jellyfin.controller.ts:18 | /jellyfin/servers/:id/sync @ domains/jellyfin/src/api/jellyfin.controller.ts:47 | /jellyfin/servers/:serverId/playlists @ domains/jellyfin/src/api/jellyfin.controller.ts:256 | /jellyfin/servers/:serverId/playlists/:playlistId/items @ domains/jellyfin/src/api/jellyfin.controller.ts:267,STATIC_MATCH,Template/dynamic path match is conservative
API-0049,POST,/jellyfin/servers/:param/sessions/playing,apps/frontend/src/lib/music-api.ts,559,yes,/jellyfin/servers @ domains/jellyfin/src/api/jellyfin.controller.ts:18 | /jellyfin/servers/:id/sync @ domains/jellyfin/src/api/jellyfin.controller.ts:47 | /jellyfin/servers/:serverId/playlists @ domains/jellyfin/src/api/jellyfin.controller.ts:256 | /jellyfin/servers/:serverId/playlists/:playlistId/items @ domains/jellyfin/src/api/jellyfin.controller.ts:267,STATIC_MATCH,Template/dynamic path match is conservative
API-0050,POST,/jellyfin/servers/:param/sessions/progress,apps/frontend/src/lib/music-api.ts,572,yes,/jellyfin/servers @ domains/jellyfin/src/api/jellyfin.controller.ts:18 | /jellyfin/servers/:id/sync @ domains/jellyfin/src/api/jellyfin.controller.ts:47 | /jellyfin/servers/:serverId/playlists @ domains/jellyfin/src/api/jellyfin.controller.ts:256 | /jellyfin/servers/:serverId/playlists/:playlistId/items @ domains/jellyfin/src/api/jellyfin.controller.ts:267,STATIC_MATCH,Template/dynamic path match is conservative
API-0051,POST,/jellyfin/servers/:param/sessions/stopped,apps/frontend/src/lib/music-api.ts,586,yes,/jellyfin/servers @ domains/jellyfin/src/api/jellyfin.controller.ts:18 | /jellyfin/servers/:id/sync @ domains/jellyfin/src/api/jellyfin.controller.ts:47 | /jellyfin/servers/:serverId/playlists @ domains/jellyfin/src/api/jellyfin.controller.ts:256 | /jellyfin/servers/:serverId/playlists/:playlistId/items @ domains/jellyfin/src/api/jellyfin.controller.ts:267,STATIC_MATCH,Template/dynamic path match is conservative
API-0052,GET,/system/settings,apps/frontend/src/lib/use-brand-name.ts,18,yes,/system/settings @ apps/backend/src/system/system.controller.ts:8,STATIC_MATCH,Template/dynamic path match is conservative
API-0053,GET,/calendar/settings,apps/frontend/src/app/(dashboard)/calendar/page.tsx,84,yes,/calendar/settings @ domains/calendar/src/api/calendar-settings.controller.ts:12,STATIC_MATCH,Template/dynamic path match is conservative
API-0054,GET,/calendar/calendars,apps/frontend/src/app/(dashboard)/calendar/page.tsx,89,yes,/calendar/calendars @ domains/calendar/src/api/calendars.controller.ts:12,STATIC_MATCH,Template/dynamic path match is conservative
API-0055,GET,/calendar/events?from=:param&to=:param,apps/frontend/src/app/(dashboard)/calendar/page.tsx,137,yes,/calendar/events @ domains/calendar/src/api/calendar.controller.ts:19,STATIC_MATCH,Template/dynamic path match is conservative
API-0056,PUT,/calendar/settings,apps/frontend/src/app/(dashboard)/calendar/page.tsx,159,yes,/calendar/settings @ domains/calendar/src/api/calendar-settings.controller.ts:18,STATIC_MATCH,Template/dynamic path match is conservative
API-0057,DELETE,/calendar/events/:param,apps/frontend/src/app/(dashboard)/calendar/page.tsx,164,yes,/calendar/events/:id @ domains/calendar/src/api/calendar.controller.ts:48,STATIC_MATCH,Template/dynamic path match is conservative
API-0058,PUT,/contacts/:param,apps/frontend/src/app/(dashboard)/contacts/page.tsx,79,yes,/contacts/:id @ domains/contacts/src/api/contact.controller.ts:35,STATIC_MATCH,Template/dynamic path match is conservative
API-0059,POST,/contacts,apps/frontend/src/app/(dashboard)/contacts/page.tsx,80,yes,/contacts @ domains/contacts/src/api/contact.controller.ts:22,STATIC_MATCH,Template/dynamic path match is conservative
API-0060,GET,/contacts?page=1&pageSize=100${debouncedSearch ?,apps/frontend/src/app/(dashboard)/contacts/page.tsx,247,yes,/contacts @ domains/contacts/src/api/contact.controller.ts:15 | /contacts/:id @ domains/contacts/src/api/contact.controller.ts:29,STATIC_MATCH,Template/dynamic path match is conservative
API-0061,DELETE,/contacts/:param,apps/frontend/src/app/(dashboard)/contacts/page.tsx,258,yes,/contacts/:id @ domains/contacts/src/api/contact.controller.ts:42,STATIC_MATCH,Template/dynamic path match is conservative
API-0062,POST,/dashboard/layout/reset,apps/frontend/src/app/(dashboard)/dashboard/page.tsx,109,yes,/dashboard/layout/reset @ domains/dashboard/src/api/dashboard.controller.ts:44,STATIC_MATCH,Template/dynamic path match is conservative
API-0063,GET,/documents,apps/frontend/src/app/(dashboard)/documents/page.tsx,74,yes,/documents @ domains/documents/src/api/documents.controller.ts:37 | /documents/:id @ domains/documents/src/api/documents.controller.ts:43 | /documents/:id/download @ domains/documents/src/api/documents.controller.ts:49,STATIC_MATCH,Template/dynamic path match is conservative
API-0064,DELETE,/documents/:param,apps/frontend/src/app/(dashboard)/documents/page.tsx,79,yes,/documents/:id @ domains/documents/src/api/documents.controller.ts:70,STATIC_MATCH,Template/dynamic path match is conservative
API-0065,GET,/email/status,apps/frontend/src/app/(dashboard)/email/page.tsx,46,yes,/email/status @ domains/email/src/api/email.controller.ts:20,STATIC_MATCH,Template/dynamic path match is conservative
API-0066,GET,/email/threads?labelId=:param&pageToken=:param&maxResults=50,apps/frontend/src/app/(dashboard)/email/page.tsx,63,yes,/email/threads @ domains/email/src/api/email.controller.ts:26 | /email/threads/:id @ domains/email/src/api/email.controller.ts:43,STATIC_MATCH,Template/dynamic path match is conservative
API-0067,GET,/email/threads/:param,apps/frontend/src/app/(dashboard)/email/page.tsx,75,yes,/email/threads @ domains/email/src/api/email.controller.ts:26 | /email/threads/:id @ domains/email/src/api/email.controller.ts:43,STATIC_MATCH,Template/dynamic path match is conservative
API-0068,POST,/email/threads/:param/modify,apps/frontend/src/app/(dashboard)/email/page.tsx,89,yes,/email/threads/:id/modify @ domains/email/src/api/email.controller.ts:78,STATIC_MATCH,Template/dynamic path match is conservative
API-0069,POST,/email/reply/:param,apps/frontend/src/app/(dashboard)/email/page.tsx,100,yes,/email/reply/:threadId @ domains/email/src/api/email.controller.ts:56,STATIC_MATCH,Template/dynamic path match is conservative
API-0070,POST,/email/forward/:param,apps/frontend/src/app/(dashboard)/email/page.tsx,109,yes,/email/forward/:messageId @ domains/email/src/api/email.controller.ts:67,STATIC_MATCH,Template/dynamic path match is conservative
API-0071,POST,/email/send,apps/frontend/src/app/(dashboard)/email/page.tsx,114,yes,/email/send @ domains/email/src/api/email.controller.ts:49,STATIC_MATCH,Template/dynamic path match is conservative
API-0072,GET,/email/messages/:param/attachments/:param,apps/frontend/src/app/(dashboard)/email/page.tsx,153,yes,/email/messages/:messageId/attachments/:attachmentId @ domains/email/src/api/email.controller.ts:89,STATIC_MATCH,Template/dynamic path match is conservative
API-0073,GET,/finance/net-worth,apps/frontend/src/app/(dashboard)/finance/page.tsx,47,yes,/finance/net-worth @ domains/finance/src/api/finance.controller.ts:19,STATIC_MATCH,Template/dynamic path match is conservative
API-0074,GET,/finance/accounts,apps/frontend/src/app/(dashboard)/finance/page.tsx,53,yes,/finance/accounts @ domains/finance/src/api/finance.controller.ts:32 | /finance/accounts/:id @ domains/finance/src/api/finance.controller.ts:38,STATIC_MATCH,Template/dynamic path match is conservative
API-0075,GET,/finance/transactions,apps/frontend/src/app/(dashboard)/finance/page.tsx,59,yes,/finance/transactions @ domains/finance/src/api/finance.controller.ts:78,STATIC_MATCH,Template/dynamic path match is conservative
API-0076,GET,/finance/budgets,apps/frontend/src/app/(dashboard)/finance/page.tsx,65,yes,/finance/budgets @ domains/finance/src/api/finance.controller.ts:98,STATIC_MATCH,Template/dynamic path match is conservative
API-0077,GET,/finance/savings-goals,apps/frontend/src/app/(dashboard)/finance/page.tsx,71,yes,/finance/savings-goals @ domains/finance/src/api/finance.controller.ts:118,STATIC_MATCH,Template/dynamic path match is conservative
API-0078,GET,/finance/assets,apps/frontend/src/app/(dashboard)/finance/page.tsx,77,yes,/finance/assets @ domains/finance/src/api/finance.controller.ts:145,STATIC_MATCH,Template/dynamic path match is conservative
API-0079,GET,/insurance/policies,apps/frontend/src/app/(dashboard)/insurance/page.tsx,92,yes,/insurance/policies @ domains/insurance/src/api/insurance.controller.ts:15 | /insurance/policies/:id @ domains/insurance/src/api/insurance.controller.ts:30,STATIC_MATCH,Template/dynamic path match is conservative
API-0080,GET,/insurance/policies/:param,apps/frontend/src/app/(dashboard)/insurance/page.tsx,98,yes,/insurance/policies @ domains/insurance/src/api/insurance.controller.ts:15 | /insurance/policies/:id @ domains/insurance/src/api/insurance.controller.ts:30,STATIC_MATCH,Template/dynamic path match is conservative
API-0081,POST,/insurance/policies,apps/frontend/src/app/(dashboard)/insurance/page.tsx,103,yes,/insurance/policies @ domains/insurance/src/api/insurance.controller.ts:22 | /insurance/policies/:id/documents @ domains/insurance/src/api/insurance.controller.ts:53,STATIC_MATCH,Template/dynamic path match is conservative
API-0082,DELETE,/insurance/policies/:param,apps/frontend/src/app/(dashboard)/insurance/page.tsx,108,yes,/insurance/policies/:id @ domains/insurance/src/api/insurance.controller.ts:45,STATIC_MATCH,Template/dynamic path match is conservative
API-0083,POST,/insurance/policies/:param/documents,apps/frontend/src/app/(dashboard)/insurance/page.tsx,114,yes,/insurance/policies @ domains/insurance/src/api/insurance.controller.ts:22 | /insurance/policies/:id/documents @ domains/insurance/src/api/insurance.controller.ts:53,STATIC_MATCH,Template/dynamic path match is conservative
API-0084,PUT,/it/devices/:param,apps/frontend/src/app/(dashboard)/it-inventory/page.tsx,64,yes,/it/devices/:id @ domains/it-inventory/src/api/it-inventory.controller.ts:34,STATIC_MATCH,Template/dynamic path match is conservative
API-0085,POST,/it/devices,apps/frontend/src/app/(dashboard)/it-inventory/page.tsx,65,yes,/it/devices @ domains/it-inventory/src/api/it-inventory.controller.ts:15,STATIC_MATCH,Template/dynamic path match is conservative
API-0086,GET,/it/devices,apps/frontend/src/app/(dashboard)/it-inventory/page.tsx,244,yes,/it/devices @ domains/it-inventory/src/api/it-inventory.controller.ts:22 | /it/devices/:id @ domains/it-inventory/src/api/it-inventory.controller.ts:28,STATIC_MATCH,Template/dynamic path match is conservative
API-0087,DELETE,/it/devices/:param,apps/frontend/src/app/(dashboard)/it-inventory/page.tsx,249,yes,/it/devices/:id @ domains/it-inventory/src/api/it-inventory.controller.ts:41,STATIC_MATCH,Template/dynamic path match is conservative
API-0088,GET,/jellyfin/libraries,apps/frontend/src/app/(dashboard)/jellyfin/browse/page.tsx,42,yes,/jellyfin/libraries @ domains/jellyfin/src/api/jellyfin.controller.ts:54,STATIC_MATCH,Template/dynamic path match is conservative
API-0089,GET,/jellyfin/items?libraryId=:param&refresh=true,apps/frontend/src/app/(dashboard)/jellyfin/browse/page.tsx,53,yes,/jellyfin/items/:id/stream @ domains/jellyfin/src/api/jellyfin-stream.controller.ts:113 | /jellyfin/items @ domains/jellyfin/src/api/jellyfin.controller.ts:61 | /jellyfin/items/:id/children @ domains/jellyfin/src/api/jellyfin.controller.ts:80,STATIC_MATCH,Template/dynamic path match is conservative
API-0090,GET,/jellyfin/items?libraryId=:param&refresh=true,apps/frontend/src/app/(dashboard)/jellyfin/browse/page.tsx,59,yes,/jellyfin/items/:id/stream @ domains/jellyfin/src/api/jellyfin-stream.controller.ts:113 | /jellyfin/items @ domains/jellyfin/src/api/jellyfin.controller.ts:61 | /jellyfin/items/:id/children @ domains/jellyfin/src/api/jellyfin.controller.ts:80,STATIC_MATCH,Template/dynamic path match is conservative
API-0091,GET,/jellyfin/libraries,apps/frontend/src/app/(dashboard)/jellyfin/collections/page.tsx,40,yes,/jellyfin/libraries @ domains/jellyfin/src/api/jellyfin.controller.ts:54,STATIC_MATCH,Template/dynamic path match is conservative
API-0092,GET,/jellyfin/items?libraryType=boxset,apps/frontend/src/app/(dashboard)/jellyfin/collections/page.tsx,48,yes,/jellyfin/items/:id/stream @ domains/jellyfin/src/api/jellyfin-stream.controller.ts:113 | /jellyfin/items @ domains/jellyfin/src/api/jellyfin.controller.ts:61 | /jellyfin/items/:id/children @ domains/jellyfin/src/api/jellyfin.controller.ts:80,STATIC_MATCH,Template/dynamic path match is conservative
API-0093,GET,/jellyfin/libraries,apps/frontend/src/app/(dashboard)/jellyfin/movies/page.tsx,43,yes,/jellyfin/libraries @ domains/jellyfin/src/api/jellyfin.controller.ts:54,STATIC_MATCH,Template/dynamic path match is conservative
API-0094,GET,/jellyfin/items?libraryId=:param&refresh=true,apps/frontend/src/app/(dashboard)/jellyfin/movies/page.tsx,57,yes,/jellyfin/items/:id/stream @ domains/jellyfin/src/api/jellyfin-stream.controller.ts:113 | /jellyfin/items @ domains/jellyfin/src/api/jellyfin.controller.ts:61 | /jellyfin/items/:id/children @ domains/jellyfin/src/api/jellyfin.controller.ts:80,STATIC_MATCH,Template/dynamic path match is conservative
API-0095,GET,/jellyfin/servers,apps/frontend/src/app/(dashboard)/jellyfin/page.tsx,121,yes,/jellyfin/servers/:serverId/items/:externalId/media-info @ domains/jellyfin/src/api/jellyfin-stream.controller.ts:59 | /jellyfin/servers/:serverId/items/:externalId/subtitles/:subtitleIndex @ domains/jellyfin/src/api/jellyfin-stream.controller.ts:81 | /jellyfin/servers/:serverId/items/:externalId/stream @ domains/jellyfin/src/api/jellyfin-stream.controller.ts:146 | /jellyfin/servers/:serverId/items/:externalId/image @ domains/jellyfin/src/api/jellyfin-stream.controller.ts:220,STATIC_MATCH,Template/dynamic path match is conservative
API-0096,GET,/jellyfin/libraries,apps/frontend/src/app/(dashboard)/jellyfin/page.tsx,142,yes,/jellyfin/libraries @ domains/jellyfin/src/api/jellyfin.controller.ts:54,STATIC_MATCH,Template/dynamic path match is conservative
API-0097,GET,/jellyfin/items,apps/frontend/src/app/(dashboard)/jellyfin/page.tsx,152,yes,/jellyfin/items/:id/stream @ domains/jellyfin/src/api/jellyfin-stream.controller.ts:113 | /jellyfin/items @ domains/jellyfin/src/api/jellyfin.controller.ts:61 | /jellyfin/items/:id/children @ domains/jellyfin/src/api/jellyfin.controller.ts:80,STATIC_MATCH,Template/dynamic path match is conservative
API-0098,GET,/jellyfin/servers/:param/songs?limit=1&startIndex=0,apps/frontend/src/app/(dashboard)/jellyfin/page.tsx,171,yes,/jellyfin/servers/:serverId/items/:externalId/media-info @ domains/jellyfin/src/api/jellyfin-stream.controller.ts:59 | /jellyfin/servers/:serverId/items/:externalId/subtitles/:subtitleIndex @ domains/jellyfin/src/api/jellyfin-stream.controller.ts:81 | /jellyfin/servers/:serverId/items/:externalId/stream @ domains/jellyfin/src/api/jellyfin-stream.controller.ts:146 | /jellyfin/servers/:serverId/items/:externalId/image @ domains/jellyfin/src/api/jellyfin-stream.controller.ts:220,STATIC_MATCH,Template/dynamic path match is conservative
API-0099,GET,/jellyfin/artists?serverId=:param&limit=0,apps/frontend/src/app/(dashboard)/jellyfin/page.tsx,180,yes,/jellyfin/artists @ domains/jellyfin/src/api/jellyfin.controller.ts:98,STATIC_MATCH,Template/dynamic path match is conservative
API-0100,GET,/jellyfin/servers/:param/albums/recent?limit=100,apps/frontend/src/app/(dashboard)/jellyfin/page.tsx,188,yes,/jellyfin/servers/:serverId/items/:externalId/media-info @ domains/jellyfin/src/api/jellyfin-stream.controller.ts:59 | /jellyfin/servers/:serverId/items/:externalId/subtitles/:subtitleIndex @ domains/jellyfin/src/api/jellyfin-stream.controller.ts:81 | /jellyfin/servers/:serverId/items/:externalId/stream @ domains/jellyfin/src/api/jellyfin-stream.controller.ts:146 | /jellyfin/servers/:serverId/items/:externalId/image @ domains/jellyfin/src/api/jellyfin-stream.controller.ts:220,STATIC_MATCH,Template/dynamic path match is conservative
API-0101,GET,/jellyfin/libraries,apps/frontend/src/app/(dashboard)/jellyfin/photos/page.tsx,48,yes,/jellyfin/libraries @ domains/jellyfin/src/api/jellyfin.controller.ts:54,STATIC_MATCH,Template/dynamic path match is conservative
API-0102,GET,/jellyfin/items?libraryId=:param,apps/frontend/src/app/(dashboard)/jellyfin/photos/page.tsx,70,yes,/jellyfin/items/:id/stream @ domains/jellyfin/src/api/jellyfin-stream.controller.ts:113 | /jellyfin/items @ domains/jellyfin/src/api/jellyfin.controller.ts:61 | /jellyfin/items/:id/children @ domains/jellyfin/src/api/jellyfin.controller.ts:80,STATIC_MATCH,Template/dynamic path match is conservative
API-0103,GET,/jellyfin/libraries,apps/frontend/src/app/(dashboard)/jellyfin/series/page.tsx,42,yes,/jellyfin/libraries @ domains/jellyfin/src/api/jellyfin.controller.ts:54,STATIC_MATCH,Template/dynamic path match is conservative
API-0104,GET,/jellyfin/items?libraryId=:param&refresh=true,apps/frontend/src/app/(dashboard)/jellyfin/series/page.tsx,56,yes,/jellyfin/items/:id/stream @ domains/jellyfin/src/api/jellyfin-stream.controller.ts:113 | /jellyfin/items @ domains/jellyfin/src/api/jellyfin.controller.ts:61 | /jellyfin/items/:id/children @ domains/jellyfin/src/api/jellyfin.controller.ts:80,STATIC_MATCH,Template/dynamic path match is conservative
API-0105,GET,/media/music/artists,apps/frontend/src/app/(dashboard)/media/components/music/MusicLibrary.tsx,69,no,,UNMATCHED_DEAD_COMPONENT,No matching media/music controller; component appears unimported
API-0106,GET,/media/music/albums?artist=:param,apps/frontend/src/app/(dashboard)/media/components/music/MusicLibrary.tsx,75,no,,UNMATCHED_DEAD_COMPONENT,No matching media/music controller; component appears unimported
API-0107,GET,/media/music/tracks?artist=:param&album=:param,apps/frontend/src/app/(dashboard)/media/components/music/MusicLibrary.tsx,83,no,,UNMATCHED_DEAD_COMPONENT,No matching media/music controller; component appears unimported
API-0108,GET,/media/sources,apps/frontend/src/app/(dashboard)/media/components/source-browser/SourceBrowser.tsx,61,yes,/media/sources @ domains/media/src/api/media.controller.ts:31 | /media/sources/:id @ domains/media/src/api/media.controller.ts:37,STATIC_MATCH,Template/dynamic path match is conservative
API-0109,GET,/media/sources/:param/browse?:param,apps/frontend/src/app/(dashboard)/media/components/source-browser/SourceBrowser.tsx,71,yes,/media/sources @ domains/media/src/api/media.controller.ts:31 | /media/sources/:id @ domains/media/src/api/media.controller.ts:37,STATIC_MATCH,Template/dynamic path match is conservative
API-0110,GET,/media/sources,apps/frontend/src/app/(dashboard)/media/page.tsx,207,yes,/media/sources @ domains/media/src/api/media.controller.ts:31 | /media/sources/:id @ domains/media/src/api/media.controller.ts:37,STATIC_MATCH,Template/dynamic path match is conservative
API-0111,POST,/media/sources/:param/index,apps/frontend/src/app/(dashboard)/media/page.tsx,272,yes,/media/sources @ domains/media/src/api/media.controller.ts:24 | /media/sources/:id/scan @ domains/media/src/api/media.controller.ts:57 | /media/sources/:id/index @ domains/media/src/api/media.controller.ts:65,STATIC_MATCH,Template/dynamic path match is conservative
API-0112,PUT,/media/sources/:param,apps/frontend/src/app/(dashboard)/media/page.tsx,338,yes,/media/sources/:id @ domains/media/src/api/media.controller.ts:43,STATIC_MATCH,Template/dynamic path match is conservative
API-0113,GET,/media/albums,apps/frontend/src/app/(dashboard)/media/page.tsx,390,yes,/media/albums @ domains/media/src/api/media.controller.ts:117 | /media/albums/:id @ domains/media/src/api/media.controller.ts:123 | /media/albums/:id/media @ domains/media/src/api/media.controller.ts:158,STATIC_MATCH,Template/dynamic path match is conservative
API-0114,POST,/media/files/:param/favorite,apps/frontend/src/app/(dashboard)/media/page.tsx,400,yes,/media/files/:id/favorite @ domains/media/src/api/media.controller.ts:95 | /media/files/:id/tags @ domains/media/src/api/media.controller.ts:185,STATIC_MATCH,Template/dynamic path match is conservative
API-0115,PUT,/media/albums/:param,apps/frontend/src/app/(dashboard)/media/page.tsx,514,yes,/media/albums/:id @ domains/media/src/api/media.controller.ts:129,STATIC_MATCH,Template/dynamic path match is conservative
API-0116,POST,/media/albums/:param/items,apps/frontend/src/app/(dashboard)/media/page.tsx,566,yes,/media/albums @ domains/media/src/api/media.controller.ts:110 | /media/albums/:id/items @ domains/media/src/api/media.controller.ts:143,STATIC_MATCH,Template/dynamic path match is conservative
API-0117,GET,/media/albums/:param/media,apps/frontend/src/app/(dashboard)/media/page.tsx,628,yes,/media/albums @ domains/media/src/api/media.controller.ts:117 | /media/albums/:id @ domains/media/src/api/media.controller.ts:123 | /media/albums/:id/media @ domains/media/src/api/media.controller.ts:158,STATIC_MATCH,Template/dynamic path match is conservative
API-0118,GET,/media/sources,apps/frontend/src/app/(dashboard)/media/page.tsx,794,yes,/media/sources @ domains/media/src/api/media.controller.ts:31 | /media/sources/:id @ domains/media/src/api/media.controller.ts:37,STATIC_MATCH,Template/dynamic path match is conservative
API-0119,POST,/media/files/:param/favorite,apps/frontend/src/app/(dashboard)/media/page.tsx,860,yes,/media/files/:id/favorite @ domains/media/src/api/media.controller.ts:95 | /media/files/:id/tags @ domains/media/src/api/media.controller.ts:185,STATIC_MATCH,Template/dynamic path match is conservative
API-0120,GET,/media/albums,apps/frontend/src/app/(dashboard)/media/page.tsx,1194,yes,/media/albums @ domains/media/src/api/media.controller.ts:117 | /media/albums/:id @ domains/media/src/api/media.controller.ts:123 | /media/albums/:id/media @ domains/media/src/api/media.controller.ts:158,STATIC_MATCH,Template/dynamic path match is conservative
API-0121,POST,/media/albums/:param/items,apps/frontend/src/app/(dashboard)/media/page.tsx,1198,yes,/media/albums @ domains/media/src/api/media.controller.ts:110 | /media/albums/:id/items @ domains/media/src/api/media.controller.ts:143,STATIC_MATCH,Template/dynamic path match is conservative
API-0122,POST,/media/files/:param/favorite,apps/frontend/src/app/(dashboard)/media/page.tsx,1381,yes,/media/files/:id/favorite @ domains/media/src/api/media.controller.ts:95 | /media/files/:id/tags @ domains/media/src/api/media.controller.ts:185,STATIC_MATCH,Template/dynamic path match is conservative
API-0123,POST,/media/sources,apps/frontend/src/app/(dashboard)/media/page.tsx,1449,yes,/media/sources @ domains/media/src/api/media.controller.ts:24 | /media/sources/:id/scan @ domains/media/src/api/media.controller.ts:57 | /media/sources/:id/index @ domains/media/src/api/media.controller.ts:65,STATIC_MATCH,Template/dynamic path match is conservative
API-0124,POST,/media/albums,apps/frontend/src/app/(dashboard)/media/page.tsx,1606,yes,/media/albums @ domains/media/src/api/media.controller.ts:110 | /media/albums/:id/items @ domains/media/src/api/media.controller.ts:143,STATIC_MATCH,Template/dynamic path match is conservative
API-0125,GET,/pages/by-slug/:param,apps/frontend/src/app/(dashboard)/pages/[slug]/page.tsx,25,yes,/pages @ domains/pages/src/api/pages.controller.ts:48 | /pages/by-slug/:slug @ domains/pages/src/api/pages.controller.ts:57 | /pages/:id/children @ domains/pages/src/api/pages.controller.ts:94 | /pages/:id @ domains/pages/src/api/pages.controller.ts:108,STATIC_MATCH,Template/dynamic path match is conservative
API-0126,GET,/pages/:param,apps/frontend/src/app/(dashboard)/pages/[slug]/page.tsx,33,yes,/pages @ domains/pages/src/api/pages.controller.ts:48 | /pages/by-slug/:slug @ domains/pages/src/api/pages.controller.ts:57 | /pages/pin/list @ domains/pages/src/api/pages.controller.ts:66 | /pages/pin/check/:pageId @ domains/pages/src/api/pages.controller.ts:86,STATIC_MATCH,Template/dynamic path match is conservative
API-0127,POST,/pages/browser/:param/session,apps/frontend/src/app/(dashboard)/pages/components/blocks/BrowserBlock.tsx,135,yes,/pages @ domains/pages/src/api/pages.controller.ts:31 | /pages/:id/move @ domains/pages/src/api/pages.controller.ts:133 | /pages/:id/versions/:version/restore @ domains/pages/src/api/pages.controller.ts:180 | /pages/:id/blocks @ domains/pages/src/api/pages.controller.ts:192,STATIC_MATCH,Template/dynamic path match is conservative
API-0128,POST,/browser/sessions/:param/stream,apps/frontend/src/app/(dashboard)/pages/components/blocks/BrowserBlock.tsx,146,yes,/browser/sessions/:sessionId/stream @ domains/pages/src/api/browser.controller.ts:30,STATIC_MATCH,Template/dynamic path match is conservative
API-0129,GET,/pages/browser/sessions/:param/tabs,apps/frontend/src/app/(dashboard)/pages/components/blocks/BrowserBlock.tsx,158,yes,/pages @ domains/pages/src/api/pages.controller.ts:48 | /pages/:id/children @ domains/pages/src/api/pages.controller.ts:94 | /pages/:id @ domains/pages/src/api/pages.controller.ts:108 | /pages/:id/export @ domains/pages/src/api/pages.controller.ts:143,STATIC_MATCH,Template/dynamic path match is conservative
API-0130,GET,/pages/browser/sessions/:param/bookmarks,apps/frontend/src/app/(dashboard)/pages/components/blocks/BrowserBlock.tsx,164,yes,/pages @ domains/pages/src/api/pages.controller.ts:48 | /pages/:id/children @ domains/pages/src/api/pages.controller.ts:94 | /pages/:id @ domains/pages/src/api/pages.controller.ts:108 | /pages/:id/export @ domains/pages/src/api/pages.controller.ts:143,STATIC_MATCH,Template/dynamic path match is conservative
API-0131,GET,/browser/sessions/:param/downloads,apps/frontend/src/app/(dashboard)/pages/components/blocks/BrowserBlock.tsx,170,yes,/browser/sessions/:sessionId/downloads @ domains/pages/src/api/browser.controller.ts:46 | /browser/sessions/:sessionId/downloads/:filename @ domains/pages/src/api/browser.controller.ts:53,STATIC_MATCH,Template/dynamic path match is conservative
API-0132,DELETE,/pages/browser/sessions/:param/tabs/:param,apps/frontend/src/app/(dashboard)/pages/components/blocks/BrowserBlock.tsx,209,yes,/pages/:id @ domains/pages/src/api/pages.controller.ts:124 | /pages/:id/blocks/:blockId @ domains/pages/src/api/pages.controller.ts:217 | /pages/browser/sessions/:sessionId/tabs/:tabId @ domains/pages/src/api/pages.controller.ts:509,STATIC_MATCH,Template/dynamic path match is conservative
API-0133,PUT,/pages/browser/sessions/:param/tabs/:param,apps/frontend/src/app/(dashboard)/pages/components/blocks/BrowserBlock.tsx,219,yes,/pages/:id @ domains/pages/src/api/pages.controller.ts:117 | /pages/:id/permissions @ domains/pages/src/api/pages.controller.ts:165 | /pages/:id/blocks/reorder @ domains/pages/src/api/pages.controller.ts:199 | /pages/:id/blocks/:blockId @ domains/pages/src/api/pages.controller.ts:207,STATIC_MATCH,Template/dynamic path match is conservative
API-0134,POST,/pages/browser/sessions/:param/tabs,apps/frontend/src/app/(dashboard)/pages/components/blocks/BrowserBlock.tsx,225,yes,/pages @ domains/pages/src/api/pages.controller.ts:31 | /pages/:id/move @ domains/pages/src/api/pages.controller.ts:133 | /pages/:id/versions/:version/restore @ domains/pages/src/api/pages.controller.ts:180 | /pages/:id/blocks @ domains/pages/src/api/pages.controller.ts:192,STATIC_MATCH,Template/dynamic path match is conservative
API-0135,POST,/pages/browser/sessions/:param/bookmarks,apps/frontend/src/app/(dashboard)/pages/components/blocks/BrowserBlock.tsx,246,yes,/pages @ domains/pages/src/api/pages.controller.ts:31 | /pages/:id/move @ domains/pages/src/api/pages.controller.ts:133 | /pages/:id/versions/:version/restore @ domains/pages/src/api/pages.controller.ts:180 | /pages/:id/blocks @ domains/pages/src/api/pages.controller.ts:192,STATIC_MATCH,Template/dynamic path match is conservative
API-0136,DELETE,/pages/browser/bookmarks/:param,apps/frontend/src/app/(dashboard)/pages/components/blocks/BrowserBlock.tsx,254,yes,/pages/:id @ domains/pages/src/api/pages.controller.ts:124 | /pages/:id/blocks/:blockId @ domains/pages/src/api/pages.controller.ts:217 | /pages/browser/bookmarks/:bookmarkId @ domains/pages/src/api/pages.controller.ts:549,STATIC_MATCH,Template/dynamic path match is conservative
API-0137,GET,/browser/sessions/:param/downloads/:param,apps/frontend/src/app/(dashboard)/pages/components/blocks/BrowserBlock.tsx,360,yes,/browser/sessions/:sessionId/downloads @ domains/pages/src/api/browser.controller.ts:46 | /browser/sessions/:sessionId/downloads/:filename @ domains/pages/src/api/browser.controller.ts:53,STATIC_MATCH,Template/dynamic path match is conservative
API-0138,POST,/pages/research-sessions/:param/sources,apps/frontend/src/app/(dashboard)/pages/components/blocks/ResearchWorkspaceBlock.tsx,58,yes,/pages @ domains/pages/src/api/pages.controller.ts:31 | /pages/:id/move @ domains/pages/src/api/pages.controller.ts:133 | /pages/:id/versions/:version/restore @ domains/pages/src/api/pages.controller.ts:180 | /pages/:id/blocks @ domains/pages/src/api/pages.controller.ts:192,STATIC_MATCH,Template/dynamic path match is conservative
API-0139,GET,/pages/:param/research-sessions,apps/frontend/src/app/(dashboard)/pages/components/blocks/ResearchWorkspaceBlock.tsx,73,yes,/pages @ domains/pages/src/api/pages.controller.ts:48 | /pages/by-slug/:slug @ domains/pages/src/api/pages.controller.ts:57 | /pages/pin/list @ domains/pages/src/api/pages.controller.ts:66 | /pages/pin/check/:pageId @ domains/pages/src/api/pages.controller.ts:86,STATIC_MATCH,Template/dynamic path match is conservative
API-0140,POST,/pages/:param/research-sessions,apps/frontend/src/app/(dashboard)/pages/components/blocks/ResearchWorkspaceBlock.tsx,78,yes,/pages @ domains/pages/src/api/pages.controller.ts:31 | /pages/import @ domains/pages/src/api/pages.controller.ts:41 | /pages/pin/add/:pageId @ domains/pages/src/api/pages.controller.ts:72 | /pages/:id/move @ domains/pages/src/api/pages.controller.ts:133,STATIC_MATCH,Template/dynamic path match is conservative
API-0141,GET,/pages/research-sessions/:param/sources,apps/frontend/src/app/(dashboard)/pages/components/blocks/ResearchWorkspaceBlock.tsx,90,yes,/pages @ domains/pages/src/api/pages.controller.ts:48 | /pages/:id/children @ domains/pages/src/api/pages.controller.ts:94 | /pages/:id @ domains/pages/src/api/pages.controller.ts:108 | /pages/:id/export @ domains/pages/src/api/pages.controller.ts:143,STATIC_MATCH,Template/dynamic path match is conservative
API-0142,POST,/pages/research-sessions/:param/sources,apps/frontend/src/app/(dashboard)/pages/components/blocks/ResearchWorkspaceBlock.tsx,96,yes,/pages @ domains/pages/src/api/pages.controller.ts:31 | /pages/:id/move @ domains/pages/src/api/pages.controller.ts:133 | /pages/:id/versions/:version/restore @ domains/pages/src/api/pages.controller.ts:180 | /pages/:id/blocks @ domains/pages/src/api/pages.controller.ts:192,STATIC_MATCH,Template/dynamic path match is conservative
API-0143,DELETE,/pages/research-sources/:param,apps/frontend/src/app/(dashboard)/pages/components/blocks/ResearchWorkspaceBlock.tsx,110,yes,/pages/:id @ domains/pages/src/api/pages.controller.ts:124 | /pages/:id/blocks/:blockId @ domains/pages/src/api/pages.controller.ts:217 | /pages/research-sources/:sourceId @ domains/pages/src/api/pages.controller.ts:364,STATIC_MATCH,Template/dynamic path match is conservative
API-0144,PUT,/pages/research-sources/:param/pin,apps/frontend/src/app/(dashboard)/pages/components/blocks/ResearchWorkspaceBlock.tsx,117,yes,/pages/:id @ domains/pages/src/api/pages.controller.ts:117 | /pages/:id/permissions @ domains/pages/src/api/pages.controller.ts:165 | /pages/:id/blocks/reorder @ domains/pages/src/api/pages.controller.ts:199 | /pages/:id/blocks/:blockId @ domains/pages/src/api/pages.controller.ts:207,STATIC_MATCH,Template/dynamic path match is conservative
API-0145,GET,/pages/research-sessions/:param/collections,apps/frontend/src/app/(dashboard)/pages/components/blocks/ResearchWorkspaceBlock.tsx,124,yes,/pages @ domains/pages/src/api/pages.controller.ts:48 | /pages/:id/children @ domains/pages/src/api/pages.controller.ts:94 | /pages/:id @ domains/pages/src/api/pages.controller.ts:108 | /pages/:id/export @ domains/pages/src/api/pages.controller.ts:143,STATIC_MATCH,Template/dynamic path match is conservative
API-0146,POST,/pages/research-sessions/:param/collections,apps/frontend/src/app/(dashboard)/pages/components/blocks/ResearchWorkspaceBlock.tsx,130,yes,/pages @ domains/pages/src/api/pages.controller.ts:31 | /pages/:id/move @ domains/pages/src/api/pages.controller.ts:133 | /pages/:id/versions/:version/restore @ domains/pages/src/api/pages.controller.ts:180 | /pages/:id/blocks @ domains/pages/src/api/pages.controller.ts:192,STATIC_MATCH,Template/dynamic path match is conservative
API-0147,PUT,/pages/research-sessions/:param,apps/frontend/src/app/(dashboard)/pages/components/blocks/ResearchWorkspaceBlock.tsx,370,yes,/pages/:id @ domains/pages/src/api/pages.controller.ts:117 | /pages/:id/permissions @ domains/pages/src/api/pages.controller.ts:165 | /pages/:id/blocks/reorder @ domains/pages/src/api/pages.controller.ts:199 | /pages/:id/blocks/:blockId @ domains/pages/src/api/pages.controller.ts:207,STATIC_MATCH,Template/dynamic path match is conservative
API-0148,GET,/search?:param,apps/frontend/src/app/(dashboard)/pages/components/blocks/SearchBlock.tsx,78,yes,/search @ domains/search/src/api/search.controller.ts:11,STATIC_MATCH,Template/dynamic path match is conservative
API-0149,GET,/pages/:param/blocks/:param/versions,apps/frontend/src/app/(dashboard)/pages/components/BlockVersionHistory.tsx,29,yes,/pages @ domains/pages/src/api/pages.controller.ts:48 | /pages/by-slug/:slug @ domains/pages/src/api/pages.controller.ts:57 | /pages/pin/list @ domains/pages/src/api/pages.controller.ts:66 | /pages/pin/check/:pageId @ domains/pages/src/api/pages.controller.ts:86,STATIC_MATCH,Template/dynamic path match is conservative
API-0150,POST,/pages/:param/blocks/:param/versions/:param/restore,apps/frontend/src/app/(dashboard)/pages/components/BlockVersionHistory.tsx,34,yes,/pages @ domains/pages/src/api/pages.controller.ts:31 | /pages/import @ domains/pages/src/api/pages.controller.ts:41 | /pages/pin/add/:pageId @ domains/pages/src/api/pages.controller.ts:72 | /pages/:id/move @ domains/pages/src/api/pages.controller.ts:133,STATIC_MATCH,Template/dynamic path match is conservative
API-0151,PUT,/pages/:param,apps/frontend/src/app/(dashboard)/pages/components/PageHeader.tsx,59,yes,/pages/:id @ domains/pages/src/api/pages.controller.ts:117 | /pages/:id/permissions @ domains/pages/src/api/pages.controller.ts:165 | /pages/:id/blocks/reorder @ domains/pages/src/api/pages.controller.ts:199 | /pages/:id/blocks/:blockId @ domains/pages/src/api/pages.controller.ts:207,STATIC_MATCH,Template/dynamic path match is conservative
API-0152,GET,/media/:param,apps/frontend/src/app/(dashboard)/pages/components/PageHeader.tsx,220,yes,/media/files/:id/stream @ domains/media/src/api/media-stream.controller.ts:37 | /media/files/:id/thumbnail @ domains/media/src/api/media-thumbnail.controller.ts:16 | /media/sources @ domains/media/src/api/media.controller.ts:31 | /media/sources/:id @ domains/media/src/api/media.controller.ts:37,STATIC_MATCH,Template/dynamic path match is conservative
API-0153,GET,/media,apps/frontend/src/app/(dashboard)/pages/components/PageHeader.tsx,265,yes,/media/files/:id/stream @ domains/media/src/api/media-stream.controller.ts:37 | /media/files/:id/thumbnail @ domains/media/src/api/media-thumbnail.controller.ts:16 | /media/sources @ domains/media/src/api/media.controller.ts:31 | /media/sources/:id @ domains/media/src/api/media.controller.ts:37,STATIC_MATCH,Template/dynamic path match is conservative
API-0154,GET,/pages/:param/versions,apps/frontend/src/app/(dashboard)/pages/components/PageVersionHistory.tsx,30,yes,/pages @ domains/pages/src/api/pages.controller.ts:48 | /pages/by-slug/:slug @ domains/pages/src/api/pages.controller.ts:57 | /pages/pin/list @ domains/pages/src/api/pages.controller.ts:66 | /pages/pin/check/:pageId @ domains/pages/src/api/pages.controller.ts:86,STATIC_MATCH,Template/dynamic path match is conservative
API-0155,POST,/pages/:param/versions/:param/restore,apps/frontend/src/app/(dashboard)/pages/components/PageVersionHistory.tsx,35,yes,/pages @ domains/pages/src/api/pages.controller.ts:31 | /pages/import @ domains/pages/src/api/pages.controller.ts:41 | /pages/pin/add/:pageId @ domains/pages/src/api/pages.controller.ts:72 | /pages/:id/move @ domains/pages/src/api/pages.controller.ts:133,STATIC_MATCH,Template/dynamic path match is conservative
API-0156,GET,/media,apps/frontend/src/app/(dashboard)/pages/page.tsx,282,yes,/media/files/:id/stream @ domains/media/src/api/media-stream.controller.ts:37 | /media/files/:id/thumbnail @ domains/media/src/api/media-thumbnail.controller.ts:16 | /media/sources @ domains/media/src/api/media.controller.ts:31 | /media/sources/:id @ domains/media/src/api/media.controller.ts:37,STATIC_MATCH,Template/dynamic path match is conservative
API-0157,POST,/pages,apps/frontend/src/app/(dashboard)/pages/page.tsx,410,yes,/pages @ domains/pages/src/api/pages.controller.ts:31 | /pages/import @ domains/pages/src/api/pages.controller.ts:41 | /pages/pin/add/:pageId @ domains/pages/src/api/pages.controller.ts:72 | /pages/:id/move @ domains/pages/src/api/pages.controller.ts:133,STATIC_MATCH,Template/dynamic path match is conservative
API-0158,GET,/pages/:param,apps/frontend/src/app/(dashboard)/pages/page.tsx,881,yes,/pages @ domains/pages/src/api/pages.controller.ts:48 | /pages/by-slug/:slug @ domains/pages/src/api/pages.controller.ts:57 | /pages/pin/list @ domains/pages/src/api/pages.controller.ts:66 | /pages/pin/check/:pageId @ domains/pages/src/api/pages.controller.ts:86,STATIC_MATCH,Template/dynamic path match is conservative
API-0159,POST,/pages/:param/blocks,apps/frontend/src/app/(dashboard)/pages/page.tsx,885,yes,/pages @ domains/pages/src/api/pages.controller.ts:31 | /pages/import @ domains/pages/src/api/pages.controller.ts:41 | /pages/pin/add/:pageId @ domains/pages/src/api/pages.controller.ts:72 | /pages/:id/move @ domains/pages/src/api/pages.controller.ts:133,STATIC_MATCH,Template/dynamic path match is conservative
API-0160,PUT,/pages/:param/blocks/:param,apps/frontend/src/app/(dashboard)/pages/page.tsx,897,yes,/pages/:id @ domains/pages/src/api/pages.controller.ts:117 | /pages/:id/permissions @ domains/pages/src/api/pages.controller.ts:165 | /pages/:id/blocks/reorder @ domains/pages/src/api/pages.controller.ts:199 | /pages/:id/blocks/:blockId @ domains/pages/src/api/pages.controller.ts:207,STATIC_MATCH,Template/dynamic path match is conservative
API-0161,DELETE,/pages/:param/blocks/:param,apps/frontend/src/app/(dashboard)/pages/page.tsx,906,yes,/pages/pin/remove/:pageId @ domains/pages/src/api/pages.controller.ts:79 | /pages/:id @ domains/pages/src/api/pages.controller.ts:124 | /pages/:id/blocks/:blockId @ domains/pages/src/api/pages.controller.ts:217 | /pages/relations/:relationId @ domains/pages/src/api/pages.controller.ts:266,STATIC_MATCH,Template/dynamic path match is conservative
API-0162,POST,/pages/:param/blocks,apps/frontend/src/app/(dashboard)/pages/page.tsx,917,yes,/pages @ domains/pages/src/api/pages.controller.ts:31 | /pages/import @ domains/pages/src/api/pages.controller.ts:41 | /pages/pin/add/:pageId @ domains/pages/src/api/pages.controller.ts:72 | /pages/:id/move @ domains/pages/src/api/pages.controller.ts:133,STATIC_MATCH,Template/dynamic path match is conservative
API-0163,PUT,/pages/:param/blocks/reorder,apps/frontend/src/app/(dashboard)/pages/page.tsx,928,yes,/pages/:id @ domains/pages/src/api/pages.controller.ts:117 | /pages/:id/permissions @ domains/pages/src/api/pages.controller.ts:165 | /pages/:id/blocks/reorder @ domains/pages/src/api/pages.controller.ts:199 | /pages/:id/blocks/:blockId @ domains/pages/src/api/pages.controller.ts:207,STATIC_MATCH,Template/dynamic path match is conservative
API-0164,DELETE,/pages/:param,apps/frontend/src/app/(dashboard)/pages/page.tsx,955,yes,/pages/pin/remove/:pageId @ domains/pages/src/api/pages.controller.ts:79 | /pages/:id @ domains/pages/src/api/pages.controller.ts:124 | /pages/:id/blocks/:blockId @ domains/pages/src/api/pages.controller.ts:217 | /pages/relations/:relationId @ domains/pages/src/api/pages.controller.ts:266,STATIC_MATCH,Template/dynamic path match is conservative
API-0165,POST,/pages/:param/relations,apps/frontend/src/app/(dashboard)/pages/page.tsx,1411,yes,/pages @ domains/pages/src/api/pages.controller.ts:31 | /pages/import @ domains/pages/src/api/pages.controller.ts:41 | /pages/pin/add/:pageId @ domains/pages/src/api/pages.controller.ts:72 | /pages/:id/move @ domains/pages/src/api/pages.controller.ts:133,STATIC_MATCH,Template/dynamic path match is conservative
API-0166,DELETE,/pages/relations/:param,apps/frontend/src/app/(dashboard)/pages/page.tsx,1423,yes,/pages/:id @ domains/pages/src/api/pages.controller.ts:124 | /pages/:id/blocks/:blockId @ domains/pages/src/api/pages.controller.ts:217 | /pages/relations/:relationId @ domains/pages/src/api/pages.controller.ts:266,STATIC_MATCH,Template/dynamic path match is conservative
API-0167,GET,/pages,apps/frontend/src/app/(dashboard)/pages/page.tsx,1538,yes,/pages @ domains/pages/src/api/pages.controller.ts:48 | /pages/by-slug/:slug @ domains/pages/src/api/pages.controller.ts:57 | /pages/pin/list @ domains/pages/src/api/pages.controller.ts:66 | /pages/pin/check/:pageId @ domains/pages/src/api/pages.controller.ts:86,STATIC_MATCH,Template/dynamic path match is conservative
API-0168,DELETE,/pages/:param,apps/frontend/src/app/(dashboard)/pages/page.tsx,1543,yes,/pages/pin/remove/:pageId @ domains/pages/src/api/pages.controller.ts:79 | /pages/:id @ domains/pages/src/api/pages.controller.ts:124 | /pages/:id/blocks/:blockId @ domains/pages/src/api/pages.controller.ts:217 | /pages/relations/:relationId @ domains/pages/src/api/pages.controller.ts:266,STATIC_MATCH,Template/dynamic path match is conservative
API-0169,GET,/plugins,apps/frontend/src/app/(dashboard)/plugins/page.tsx,65,yes,/plugins @ domains/plugins/src/api/plugins.controller.ts:14,STATIC_MATCH,Template/dynamic path match is conservative
API-0170,POST,/plugins/:param/toggle,apps/frontend/src/app/(dashboard)/plugins/page.tsx,70,yes,/plugins @ domains/plugins/src/api/plugins.controller.ts:19 | /plugins/:id/toggle @ domains/plugins/src/api/plugins.controller.ts:47,STATIC_MATCH,Template/dynamic path match is conservative
API-0171,DELETE,/plugins/:param,apps/frontend/src/app/(dashboard)/plugins/page.tsx,75,yes,/plugins/:id @ domains/plugins/src/api/plugins.controller.ts:38,STATIC_MATCH,Template/dynamic path match is conservative
API-0172,POST,/plugins,apps/frontend/src/app/(dashboard)/plugins/page.tsx,223,yes,/plugins @ domains/plugins/src/api/plugins.controller.ts:19 | /plugins/:id/toggle @ domains/plugins/src/api/plugins.controller.ts:47,STATIC_MATCH,Template/dynamic path match is conservative
API-0173,POST,/projects,apps/frontend/src/app/(dashboard)/projects/page.tsx,99,yes,/projects @ domains/projects/src/api/projects.controller.ts:12 | /projects/:id/notes @ domains/projects/src/api/projects.controller.ts:45 | /projects/:id/links @ domains/projects/src/api/projects.controller.ts:72,STATIC_MATCH,Template/dynamic path match is conservative
API-0174,GET,/projects/:param,apps/frontend/src/app/(dashboard)/projects/page.tsx,272,yes,/projects @ domains/projects/src/api/projects.controller.ts:19 | /projects/:id @ domains/projects/src/api/projects.controller.ts:25,STATIC_MATCH,Template/dynamic path match is conservative
API-0175,POST,/projects/:param/notes,apps/frontend/src/app/(dashboard)/projects/page.tsx,276,yes,/projects @ domains/projects/src/api/projects.controller.ts:12 | /projects/:id/notes @ domains/projects/src/api/projects.controller.ts:45 | /projects/:id/links @ domains/projects/src/api/projects.controller.ts:72,STATIC_MATCH,Template/dynamic path match is conservative
API-0176,PUT,/projects/:param/notes/:param,apps/frontend/src/app/(dashboard)/projects/page.tsx,287,yes,/projects/:id @ domains/projects/src/api/projects.controller.ts:31 | /projects/:id/notes/:noteId @ domains/projects/src/api/projects.controller.ts:52,STATIC_MATCH,Template/dynamic path match is conservative
API-0177,DELETE,/projects/:param/notes/:param,apps/frontend/src/app/(dashboard)/projects/page.tsx,296,yes,/projects/:id @ domains/projects/src/api/projects.controller.ts:38 | /projects/:id/notes/:noteId @ domains/projects/src/api/projects.controller.ts:62 | /projects/:id/links/:linkId @ domains/projects/src/api/projects.controller.ts:79,STATIC_MATCH,Template/dynamic path match is conservative
API-0178,POST,/projects/:param/links,apps/frontend/src/app/(dashboard)/projects/page.tsx,304,yes,/projects @ domains/projects/src/api/projects.controller.ts:12 | /projects/:id/notes @ domains/projects/src/api/projects.controller.ts:45 | /projects/:id/links @ domains/projects/src/api/projects.controller.ts:72,STATIC_MATCH,Template/dynamic path match is conservative
API-0179,DELETE,/projects/:param/links/:param,apps/frontend/src/app/(dashboard)/projects/page.tsx,315,yes,/projects/:id @ domains/projects/src/api/projects.controller.ts:38 | /projects/:id/notes/:noteId @ domains/projects/src/api/projects.controller.ts:62 | /projects/:id/links/:linkId @ domains/projects/src/api/projects.controller.ts:79,STATIC_MATCH,Template/dynamic path match is conservative
API-0180,DELETE,/projects/:param,apps/frontend/src/app/(dashboard)/projects/page.tsx,323,yes,/projects/:id @ domains/projects/src/api/projects.controller.ts:38 | /projects/:id/notes/:noteId @ domains/projects/src/api/projects.controller.ts:62 | /projects/:id/links/:linkId @ domains/projects/src/api/projects.controller.ts:79,STATIC_MATCH,Template/dynamic path match is conservative
API-0181,PUT,/projects/:param,apps/frontend/src/app/(dashboard)/projects/page.tsx,333,yes,/projects/:id @ domains/projects/src/api/projects.controller.ts:31 | /projects/:id/notes/:noteId @ domains/projects/src/api/projects.controller.ts:52,STATIC_MATCH,Template/dynamic path match is conservative
API-0182,DELETE,/projects/:param,apps/frontend/src/app/(dashboard)/projects/page.tsx,633,yes,/projects/:id @ domains/projects/src/api/projects.controller.ts:38 | /projects/:id/notes/:noteId @ domains/projects/src/api/projects.controller.ts:62 | /projects/:id/links/:linkId @ domains/projects/src/api/projects.controller.ts:79,STATIC_MATCH,Template/dynamic path match is conservative
API-0183,GET,/projects,apps/frontend/src/app/(dashboard)/projects/page.tsx,640,yes,/projects @ domains/projects/src/api/projects.controller.ts:19 | /projects/:id @ domains/projects/src/api/projects.controller.ts:25,STATIC_MATCH,Template/dynamic path match is conservative
API-0184,GET,/recipes/dishes/:param/recipes,apps/frontend/src/app/(dashboard)/recipes/dishes/[id]/page.tsx,67,yes,/recipes/dishes @ domains/recipes/src/api/dishes.controller.ts:17 | /recipes/dishes/:id @ domains/recipes/src/api/dishes.controller.ts:23 | /recipes/dishes/:id/recipes @ domains/recipes/src/api/dishes.controller.ts:29 | /recipes @ domains/recipes/src/api/recipes.controller.ts:23,STATIC_MATCH,Template/dynamic path match is conservative
API-0185,GET,/search?:param,apps/frontend/src/app/(dashboard)/search/page.tsx,81,yes,/search @ domains/search/src/api/search.controller.ts:11,STATIC_MATCH,Template/dynamic path match is conservative
API-0186,GET,/system/settings,apps/frontend/src/app/(dashboard)/settings/page.tsx,90,yes,/system/settings @ apps/backend/src/system/system.controller.ts:8,STATIC_MATCH,Template/dynamic path match is conservative
API-0187,PUT,/system/settings,apps/frontend/src/app/(dashboard)/settings/page.tsx,110,yes,/system/settings @ apps/backend/src/system/system.controller.ts:13,STATIC_MATCH,Template/dynamic path match is conservative
API-0188,GET,/system/settings,apps/frontend/src/app/(dashboard)/settings/page.tsx,181,yes,/system/settings @ apps/backend/src/system/system.controller.ts:8,STATIC_MATCH,Template/dynamic path match is conservative
API-0189,PUT,/system/paths,apps/frontend/src/app/(dashboard)/settings/page.tsx,202,yes,/system/paths @ apps/backend/src/system/system.controller.ts:25,STATIC_MATCH,Template/dynamic path match is conservative
API-0190,GET,/system/settings,apps/frontend/src/app/(dashboard)/settings/page.tsx,264,yes,/system/settings @ apps/backend/src/system/system.controller.ts:8,STATIC_MATCH,Template/dynamic path match is conservative
API-0191,PUT,/system/settings,apps/frontend/src/app/(dashboard)/settings/page.tsx,279,yes,/system/settings @ apps/backend/src/system/system.controller.ts:13,STATIC_MATCH,Template/dynamic path match is conservative
API-0192,POST,/shopping-lists,apps/frontend/src/app/(dashboard)/shopping/page.tsx,60,yes,/shopping-lists @ domains/shopping/src/api/shopping.controller.ts:18 | /shopping-lists/:id/items @ domains/shopping/src/api/shopping.controller.ts:51 | /shopping-lists/:id/items/:itemId/check @ domains/shopping/src/api/shopping.controller.ts:75 | /shopping-lists/:id/items/:itemId/uncheck @ domains/shopping/src/api/shopping.controller.ts:82,STATIC_MATCH,Template/dynamic path match is conservative
API-0193,GET,/shopping-lists/:param,apps/frontend/src/app/(dashboard)/shopping/page.tsx,243,yes,/shopping-lists @ domains/shopping/src/api/shopping.controller.ts:25 | /shopping-lists/:id @ domains/shopping/src/api/shopping.controller.ts:31,STATIC_MATCH,Template/dynamic path match is conservative
API-0194,POST,/shopping-lists/:param/items,apps/frontend/src/app/(dashboard)/shopping/page.tsx,247,yes,/shopping-lists @ domains/shopping/src/api/shopping.controller.ts:18 | /shopping-lists/:id/items @ domains/shopping/src/api/shopping.controller.ts:51 | /shopping-lists/:id/items/:itemId/check @ domains/shopping/src/api/shopping.controller.ts:75 | /shopping-lists/:id/items/:itemId/uncheck @ domains/shopping/src/api/shopping.controller.ts:82,STATIC_MATCH,Template/dynamic path match is conservative
API-0195,DELETE,/shopping-lists/:param/items/:param,apps/frontend/src/app/(dashboard)/shopping/page.tsx,262,yes,/shopping-lists/:id @ domains/shopping/src/api/shopping.controller.ts:44 | /shopping-lists/:id/items/:itemId @ domains/shopping/src/api/shopping.controller.ts:68,STATIC_MATCH,Template/dynamic path match is conservative
API-0196,POST,/shopping-lists/:param/items/:param/uncheck,apps/frontend/src/app/(dashboard)/shopping/page.tsx,272,yes,/shopping-lists @ domains/shopping/src/api/shopping.controller.ts:18 | /shopping-lists/:id/items @ domains/shopping/src/api/shopping.controller.ts:51 | /shopping-lists/:id/items/:itemId/check @ domains/shopping/src/api/shopping.controller.ts:75 | /shopping-lists/:id/items/:itemId/uncheck @ domains/shopping/src/api/shopping.controller.ts:82,STATIC_MATCH,Template/dynamic path match is conservative
API-0197,POST,/shopping-lists/:param/items/:param/check,apps/frontend/src/app/(dashboard)/shopping/page.tsx,273,yes,/shopping-lists @ domains/shopping/src/api/shopping.controller.ts:18 | /shopping-lists/:id/items @ domains/shopping/src/api/shopping.controller.ts:51 | /shopping-lists/:id/items/:itemId/check @ domains/shopping/src/api/shopping.controller.ts:75 | /shopping-lists/:id/items/:itemId/uncheck @ domains/shopping/src/api/shopping.controller.ts:82,STATIC_MATCH,Template/dynamic path match is conservative
API-0198,PUT,/shopping-lists/:param,apps/frontend/src/app/(dashboard)/shopping/page.tsx,281,yes,/shopping-lists/:id @ domains/shopping/src/api/shopping.controller.ts:37 | /shopping-lists/:id/items/:itemId @ domains/shopping/src/api/shopping.controller.ts:58,STATIC_MATCH,Template/dynamic path match is conservative
API-0199,GET,/shopping-lists,apps/frontend/src/app/(dashboard)/shopping/page.tsx,456,yes,/shopping-lists @ domains/shopping/src/api/shopping.controller.ts:25 | /shopping-lists/:id @ domains/shopping/src/api/shopping.controller.ts:31,STATIC_MATCH,Template/dynamic path match is conservative
API-0200,DELETE,/shopping-lists/:param,apps/frontend/src/app/(dashboard)/shopping/page.tsx,460,yes,/shopping-lists/:id @ domains/shopping/src/api/shopping.controller.ts:44 | /shopping-lists/:id/items/:itemId @ domains/shopping/src/api/shopping.controller.ts:68,STATIC_MATCH,Template/dynamic path match is conservative
API-0201,PUT,/shopping-lists/:param,apps/frontend/src/app/(dashboard)/shopping/page.tsx,467,yes,/shopping-lists/:id @ domains/shopping/src/api/shopping.controller.ts:37 | /shopping-lists/:id/items/:itemId @ domains/shopping/src/api/shopping.controller.ts:58,STATIC_MATCH,Template/dynamic path match is conservative
API-0202,POST,/travel/trips,apps/frontend/src/app/(dashboard)/travel/page.tsx,91,no,,CONFIRMED_MISMATCH,Frontend uses /travel/trips; backend TravelController prefix is /trips
API-0203,GET,/travel/trips/:param,apps/frontend/src/app/(dashboard)/travel/page.tsx,231,no,,CONFIRMED_MISMATCH,Frontend uses /travel/trips; backend TravelController prefix is /trips
API-0204,POST,/travel/trips/:param/destinations,apps/frontend/src/app/(dashboard)/travel/page.tsx,235,no,,CONFIRMED_MISMATCH,Frontend uses /travel/trips; backend TravelController prefix is /trips
API-0205,POST,/travel/trips/:param/days,apps/frontend/src/app/(dashboard)/travel/page.tsx,246,no,,CONFIRMED_MISMATCH,Frontend uses /travel/trips; backend TravelController prefix is /trips
API-0206,DELETE,/travel/trips/:param,apps/frontend/src/app/(dashboard)/travel/page.tsx,257,no,,CONFIRMED_MISMATCH,Frontend uses /travel/trips; backend TravelController prefix is /trips
API-0207,PUT,/travel/trips/:param,apps/frontend/src/app/(dashboard)/travel/page.tsx,311,no,,CONFIRMED_MISMATCH,Frontend uses /travel/trips; backend TravelController prefix is /trips
API-0208,GET,/travel/trips,apps/frontend/src/app/(dashboard)/travel/page.tsx,509,no,,CONFIRMED_MISMATCH,Frontend uses /travel/trips; backend TravelController prefix is /trips
API-0209,DELETE,/travel/trips/:param,apps/frontend/src/app/(dashboard)/travel/page.tsx,607,no,,CONFIRMED_MISMATCH,Frontend uses /travel/trips; backend TravelController prefix is /trips
API-0210,GET,/users,apps/frontend/src/app/(dashboard)/users/page.tsx,92,yes,/users/:userId/roles @ domains/users/src/api/roles.controller.ts:122,STATIC_MATCH,Template/dynamic path match is conservative
API-0211,POST,/users/:param/disable,apps/frontend/src/app/(dashboard)/users/page.tsx,110,yes,/users/:userId/roles/:roleId @ domains/users/src/api/roles.controller.ts:129 | /users/admin-create @ domains/users/src/api/roles.controller.ts:156,CONFIRMED_MATCH,Parser saw first @Controller(auth); UsersController in same file is @Controller(users)
API-0212,POST,/users/:param/enable,apps/frontend/src/app/(dashboard)/users/page.tsx,110,yes,/users/:userId/roles/:roleId @ domains/users/src/api/roles.controller.ts:129 | /users/admin-create @ domains/users/src/api/roles.controller.ts:156,CONFIRMED_MATCH,Parser saw first @Controller(auth); UsersController in same file is @Controller(users)
API-0213,GET,/roles,apps/frontend/src/app/(dashboard)/users/page.tsx,130,yes,/roles @ domains/users/src/api/roles.controller.ts:41 | /roles/:id @ domains/users/src/api/roles.controller.ts:48 | /roles/:id/permissions @ domains/users/src/api/roles.controller.ts:98,STATIC_MATCH,Template/dynamic path match is conservative
API-0214,POST,/users/:param/roles/:param,apps/frontend/src/app/(dashboard)/users/page.tsx,134,yes,/users/:userId/roles/:roleId @ domains/users/src/api/roles.controller.ts:129 | /users/admin-create @ domains/users/src/api/roles.controller.ts:156,CONFIRMED_MATCH,Parser saw first @Controller(auth); UsersController in same file is @Controller(users)
API-0215,PUT,/users/:param,apps/frontend/src/app/(dashboard)/users/page.tsx,136,yes,,CONFIRMED_MATCH,Parser saw first @Controller(auth); UsersController in same file is @Controller(users)
API-0216,GET,/roles,apps/frontend/src/app/(dashboard)/users/page.tsx,196,yes,/roles @ domains/users/src/api/roles.controller.ts:41 | /roles/:id @ domains/users/src/api/roles.controller.ts:48 | /roles/:id/permissions @ domains/users/src/api/roles.controller.ts:98,STATIC_MATCH,Template/dynamic path match is conservative
API-0217,POST,/users/admin-create,apps/frontend/src/app/(dashboard)/users/page.tsx,198,yes,/users/:userId/roles/:roleId @ domains/users/src/api/roles.controller.ts:129 | /users/admin-create @ domains/users/src/api/roles.controller.ts:156,CONFIRMED_MATCH,Parser saw first @Controller(auth); UsersController in same file is @Controller(users)
API-0218,POST,/auth/register,apps/frontend/src/app/(dashboard)/users/page.tsx,198,yes,/auth/register @ domains/users/src/api/users.controller.ts:25 | /auth/:id/disable @ domains/users/src/api/users.controller.ts:112 | /auth/:id/enable @ domains/users/src/api/users.controller.ts:120,STATIC_MATCH,Template/dynamic path match is conservative
API-0219,GET,/roles,apps/frontend/src/app/(dashboard)/users/page.tsx,233,yes,/roles @ domains/users/src/api/roles.controller.ts:41 | /roles/:id @ domains/users/src/api/roles.controller.ts:48 | /roles/:id/permissions @ domains/users/src/api/roles.controller.ts:98,STATIC_MATCH,Template/dynamic path match is conservative
API-0220,GET,/permissions,apps/frontend/src/app/(dashboard)/users/page.tsx,234,yes,/permissions @ domains/users/src/api/roles.controller.ts:91,STATIC_MATCH,Template/dynamic path match is conservative
API-0221,GET,/roles/:param/permissions,apps/frontend/src/app/(dashboard)/users/page.tsx,262,yes,/roles @ domains/users/src/api/roles.controller.ts:41 | /roles/:id @ domains/users/src/api/roles.controller.ts:48 | /roles/:id/permissions @ domains/users/src/api/roles.controller.ts:98,STATIC_MATCH,Template/dynamic path match is conservative
API-0222,PUT,/roles/:param/permissions,apps/frontend/src/app/(dashboard)/users/page.tsx,264,yes,/roles/:id @ domains/users/src/api/roles.controller.ts:65 | /roles/:id/permissions @ domains/users/src/api/roles.controller.ts:105,STATIC_MATCH,Template/dynamic path match is conservative
API-0223,POST,/roles,apps/frontend/src/app/(dashboard)/users/page.tsx,291,yes,/roles @ domains/users/src/api/roles.controller.ts:57,STATIC_MATCH,Template/dynamic path match is conservative
API-0224,GET,/vault/entries,apps/frontend/src/app/(dashboard)/vault/page.tsx,64,yes,/vault/entries @ domains/vault/src/api/vault.controller.ts:15 | /vault/entries/:id @ domains/vault/src/api/vault.controller.ts:30,STATIC_MATCH,Template/dynamic path match is conservative
API-0225,GET,/vault/entries/:param,apps/frontend/src/app/(dashboard)/vault/page.tsx,70,yes,/vault/entries @ domains/vault/src/api/vault.controller.ts:15 | /vault/entries/:id @ domains/vault/src/api/vault.controller.ts:30,STATIC_MATCH,Template/dynamic path match is conservative
API-0226,POST,/vault/entries,apps/frontend/src/app/(dashboard)/vault/page.tsx,75,yes,/vault/entries @ domains/vault/src/api/vault.controller.ts:22 | /vault/entries/:id/generate-totp @ domains/vault/src/api/vault.controller.ts:53,STATIC_MATCH,Template/dynamic path match is conservative
API-0227,PUT,/vault/entries/:param,apps/frontend/src/app/(dashboard)/vault/page.tsx,80,yes,/vault/entries/:id @ domains/vault/src/api/vault.controller.ts:37,STATIC_MATCH,Template/dynamic path match is conservative
API-0228,DELETE,/vault/entries/:param,apps/frontend/src/app/(dashboard)/vault/page.tsx,85,yes,/vault/entries/:id @ domains/vault/src/api/vault.controller.ts:45,STATIC_MATCH,Template/dynamic path match is conservative
API-0229,POST,/vault/entries/:param/generate-totp,apps/frontend/src/app/(dashboard)/vault/page.tsx,190,yes,/vault/entries @ domains/vault/src/api/vault.controller.ts:22 | /vault/entries/:id/generate-totp @ domains/vault/src/api/vault.controller.ts:53,STATIC_MATCH,Template/dynamic path match is conservative
API-0230,POST,/auth/login,apps/frontend/src/app/login/page.tsx,33,yes,/auth/login @ domains/users/src/api/users.controller.ts:16 | /auth/:id/disable @ domains/users/src/api/users.controller.ts:112 | /auth/:id/enable @ domains/users/src/api/users.controller.ts:120,STATIC_MATCH,Template/dynamic path match is conservative
API-0231,GET,/calendar/google/status,apps/frontend/src/components/calendar/CalendarSettingsPanel.tsx,208,yes,/calendar/google/status @ domains/calendar/src/api/google-calendar.controller.ts:21,STATIC_MATCH,Template/dynamic path match is conservative
API-0232,GET,/calendar/google/calendars,apps/frontend/src/components/calendar/CalendarSettingsPanel.tsx,213,yes,/calendar/google/calendars @ domains/calendar/src/api/google-calendar.controller.ts:28,STATIC_MATCH,Template/dynamic path match is conservative
API-0233,POST,/calendar/google/sync,apps/frontend/src/components/calendar/CalendarSettingsPanel.tsx,219,yes,/calendar/google/sync @ domains/calendar/src/api/google-calendar.controller.ts:67,STATIC_MATCH,Template/dynamic path match is conservative
API-0234,DELETE,/calendar/google/calendars/:param,apps/frontend/src/components/calendar/CalendarSettingsPanel.tsx,226,yes,/calendar/google/calendars/:id @ domains/calendar/src/api/google-calendar.controller.ts:60,STATIC_MATCH,Template/dynamic path match is conservative
API-0235,POST,/calendar/google/calendars,apps/frontend/src/components/calendar/CalendarSettingsPanel.tsx,228,yes,/calendar/google/calendars @ domains/calendar/src/api/google-calendar.controller.ts:45,STATIC_MATCH,Template/dynamic path match is conservative
API-0236,PUT,/calendar/events/:param,apps/frontend/src/components/calendar/EventDialog.tsx,144,yes,/calendar/events/:id @ domains/calendar/src/api/calendar.controller.ts:37,STATIC_MATCH,Template/dynamic path match is conservative
API-0237,POST,/calendar/events,apps/frontend/src/components/calendar/EventDialog.tsx,146,yes,/calendar/events @ domains/calendar/src/api/calendar.controller.ts:30,STATIC_MATCH,Template/dynamic path match is conservative
API-0238,GET,/media/albums,apps/frontend/src/components/dashboard/widget-content.tsx,296,yes,/media/albums @ domains/media/src/api/media.controller.ts:117 | /media/albums/:id @ domains/media/src/api/media.controller.ts:123 | /media/albums/:id/media @ domains/media/src/api/media.controller.ts:158,STATIC_MATCH,Template/dynamic path match is conservative
API-0239,GET,/calendar/events?from=:param&to=:param,apps/frontend/src/components/dashboard/widget-content.tsx,427,yes,/calendar/events @ domains/calendar/src/api/calendar.controller.ts:19,STATIC_MATCH,Template/dynamic path match is conservative
API-0240,GET,/calendar/calendars,apps/frontend/src/components/dashboard/widget-content.tsx,432,yes,/calendar/calendars @ domains/calendar/src/api/calendars.controller.ts:12,STATIC_MATCH,Template/dynamic path match is conservative
API-0241,DELETE,/calendar/events/:param,apps/frontend/src/components/dashboard/widget-content.tsx,472,yes,/calendar/events/:id @ domains/calendar/src/api/calendar.controller.ts:48,STATIC_MATCH,Template/dynamic path match is conservative
API-0242,GET,/integrations/google/status,apps/frontend/src/components/integrations/GoogleAccountCard.tsx,59,yes,/integrations/google/status @ domains/calendar/node_modules/@lifehub/integrations-domain/src/api/google-integration.controller.ts:27 | /integrations/google/status @ domains/email/node_modules/@lifehub/integrations-domain/src/api/google-integration.controller.ts:27 | /integrations/google/status @ domains/integrations/src/api/google-integration.controller.ts:27,STATIC_MATCH,Template/dynamic path match is conservative
API-0243,GET,/integrations/google/auth-url,apps/frontend/src/components/integrations/GoogleAccountCard.tsx,63,yes,/integrations/google/auth-url @ domains/calendar/node_modules/@lifehub/integrations-domain/src/api/google-integration.controller.ts:13 | /integrations/google/auth-url @ domains/email/node_modules/@lifehub/integrations-domain/src/api/google-integration.controller.ts:13 | /integrations/google/auth-url @ domains/integrations/src/api/google-integration.controller.ts:13,STATIC_MATCH,Template/dynamic path match is conservative
API-0244,DELETE,/integrations/google/connection,apps/frontend/src/components/integrations/GoogleAccountCard.tsx,70,yes,/integrations/google/connection @ domains/calendar/node_modules/@lifehub/integrations-domain/src/api/google-integration.controller.ts:34 | /integrations/google/connection @ domains/email/node_modules/@lifehub/integrations-domain/src/api/google-integration.controller.ts:34 | /integrations/google/connection @ domains/integrations/src/api/google-integration.controller.ts:34,STATIC_MATCH,Template/dynamic path match is conservative
API-0245,GET,/pages,apps/frontend/src/components/sidebar.tsx,126,yes,/pages @ domains/pages/src/api/pages.controller.ts:48 | /pages/by-slug/:slug @ domains/pages/src/api/pages.controller.ts:57 | /pages/pin/list @ domains/pages/src/api/pages.controller.ts:66 | /pages/pin/check/:pageId @ domains/pages/src/api/pages.controller.ts:86,STATIC_MATCH,Template/dynamic path match is conservative
API-0246,GET,/pages/pin/list,apps/frontend/src/components/sidebar.tsx,132,yes,/pages @ domains/pages/src/api/pages.controller.ts:48 | /pages/pin/list @ domains/pages/src/api/pages.controller.ts:66 | /pages/:id/children @ domains/pages/src/api/pages.controller.ts:94 | /pages/:id @ domains/pages/src/api/pages.controller.ts:108,STATIC_MATCH,Template/dynamic path match is conservative
API-0247,POST,/pages/pin/add/:param,apps/frontend/src/components/sidebar.tsx,139,yes,/pages @ domains/pages/src/api/pages.controller.ts:31 | /pages/pin/add/:pageId @ domains/pages/src/api/pages.controller.ts:72 | /pages/:id/move @ domains/pages/src/api/pages.controller.ts:133 | /pages/:id/versions/:version/restore @ domains/pages/src/api/pages.controller.ts:180,STATIC_MATCH,Template/dynamic path match is conservative
API-0248,DELETE,/pages/pin/remove/:param,apps/frontend/src/components/sidebar.tsx,147,yes,/pages/pin/remove/:pageId @ domains/pages/src/api/pages.controller.ts:79 | /pages/:id @ domains/pages/src/api/pages.controller.ts:124 | /pages/:id/blocks/:blockId @ domains/pages/src/api/pages.controller.ts:217,STATIC_MATCH,Template/dynamic path match is conservative
