ID,Report,Category,Severity,Priority,Title,Impact,Evidence,RootCause,Recommendation,AcceptanceCriteria,Effort,Dependencies,SuggestedOwner,Status,BacklogStatus
UI-001,UI,Design System,P1,P1,1.799 statische Farbklassen umgehen semantische Tokens,Light/Dark und Akzent-Packs driften; hohe Regressiongefahr,"design-token-matrix.csv; Top: projects 195, travel 161, pages 130",Seiten wurden lokal mit Zinc/Amber/Statusfarben statt Komponenten-/Semantik-Tokens gebaut,Semantische Surface/Text/Status-Tokens und Komponenten-Wrapper durchsetzen,Verbotene Klassen im dual-mode UI = 0 oder begründete Ausnahme; visuelle Regression Light/Dark,L,UI-004,Frontend/Design System,CODE_CONFIRMED,OPEN
UI-002,UI,Accessibility,P1,P1,Weiße Schrift auf allen brand-500-Presets verfehlt WCAG AA,Primäre CTAs sind für viele Nutzer nicht ausreichend lesbar,"Berechnet: Amber 3.19:1, Blau 3.68, Grün 2.28, Rosé 3.67, Violett 4.23; a11y-audit.json","Ein universelles text-white wird auf zu hellen, frei wählbaren Akzenten verwendet",Kontrastadaptiven Button-Text oder dunklere CTA-Stufe verwenden,Jedes Preset und Custom-Hex erreicht 4.5:1; automatisierter Kontrasttest,M,,Frontend/A11y,BOTH,OPEN
UI-003,UI,Accessibility,P1,P1,text-fg-subtle ist für normalen Text zu kontrastarm,"Hilfen, Zähler und Metadaten sind schwer lesbar","Light 2.56:1, Dark 4.12:1; live Hilfetexte/Badges",Subtle-Token wird für normalen 10–12px Text statt rein dekorative Inhalte verwendet,Token heller/dunkler abstufen und Nutzung auf große/dekorative Inhalte begrenzen,Normaltext >=4.5:1 in Light und Dark,S,,Frontend/A11y,BOTH,OPEN
UI-004,UI,Theming,P1,P1,Nicht-Amber-Presets verwenden im Light Mode die Dark-first-Skala,Blue/Green/Rose/Violet verhalten sich im Light Theme farblich inkonsistent,globals.css:43-108 vs. :root:not([data-accent]):not(.dark):110-123,data-accent-Selektoren unterscheiden Light und Dark nicht,Je Preset separate Light-/Dark-Tokens definieren,Alle sechs Akzente bestehen Snapshot+Kontrasttests in beiden Modi,M,,Design System,CODE_CONFIRMED,OPEN
UI-005,UI,Theming,P2,P2,Custom-Akzent überschreibt nur 400/500/600 und mischt Rest mit Amber,Custom-Theme wirkt in Komponenten mit 50–300/700–900 zweifarbig,theme-store.ts:35-49,Aus Custom-Hex wird keine vollständige Tonleiter erzeugt,Vollständige OKLCH-Tonleiter generieren,50–900 folgen Custom-Hue; Kontrasttests bestanden,M,UI-002,Design System,CODE_CONFIRMED,OPEN
UI-006,UI,Glass UI,P2,P2,Bestehende glass-Utility ist hardcodiert dunkel,Glass-Flächen funktionieren im Light Theme nicht konsistent,globals.css:153-157,"rgba(24,24,27,.7) und weiße Border sind nicht theme-aware",Glass-Surface über semantische RGB/Alpha-Tokens plus Fallback definieren,Light/Dark/Reduced Transparency visuell und per Kontrast geprüft,S,,Design System,CODE_CONFIRMED,OPEN
UI-007,UI,Motion,P2,P2,Animationssystem respektiert reduced motion nicht global,Vestibuläre Barriere und Verstoß gegen UI_UX.md,globals.css:165-169; keine prefers-reduced-motion-Regel,Animationen sind unbedingte Utilities,Globale reduced-motion-Variante und component-level opt-out,Bei prefers-reduced-motion keine nichtessenzielle Bewegung,S,,Frontend/A11y,CODE_CONFIRMED,OPEN
UI-008,UI,Layout,P2,P2,Dashboard nutzt großen Desktopbereich nicht aus,"Schwache Hierarchie, viel tote Fläche, Widgets wirken zufällig",dashboard__1440x1000__dark__default.png,Grid packt große Medien-/Kalenderkarten links und schmale Widgets in eine Mini-Spalte,"Responsive 12-Spalten-Grid, klare Widget-Größen und Ausrichtung",1440/1920px ohne unbegründete Leerräume; Resize-Grenzen stabil,M,,Frontend/UX,OBSERVED,OPEN
UI-009,UI,Responsive,P1,P1,Mobile Shell entspricht nicht der Bottom-Tab-Spezifikation,Mobile Navigation ist versteckt; Kernbereiche benötigen Zusatzschritt,mobile/dashboard__375x812__dark.png; UI_UX.md:258-263,Desktop-Sidebar wird nur zum Hamburger statt zu fünf Bottom-Tabs,Mobile Bottom-Bar + Mehr-Sheet implementieren,"375px: fünf Kernziele sichtbar, keine Überlagerung",M,,Frontend/UX,OBSERVED,OPEN
UI-010,UI,Responsive,P1,P1,Mobile Überschriften/Tabs werden abgeschnitten und horizontal überlaufen,"Seitenname beginnt als „iten“, Settings als „stem…“; Tabs/Pfade abgeschnitten","mobile/pages, mobile/settings, mobile/email Screenshots",Hamburger liegt absolut über Content; Desktop-Tabreihen bleiben ungebrochen,"Mobile Header-Inset, scrollbare/gestapelte Tabs und Sheet-Navigation",320/375px ohne Textüberlagerung oder horizontale Page-Scrollbar,M,UI-009,Frontend/UX,OBSERVED,OPEN
UI-011,UI,Interaction,P1,P1,Zentrale Aktionen sind hover-only und auf Touch unsichtbar,Delete/Edit/Remove sind auf Touch und Tastatur kaum erreichbar,BlockHandle.tsx:74; PageHeader.tsx:128; mehrere Blockkomponenten,opacity-0 group-hover wird als primäres Aktionsmodell genutzt,"focus-within, sichtbares Touch-Menü und persistente Handles ergänzen","Alle Aktionen per Touch, Tastatur und Screenreader erreichbar",M,,Frontend/A11y,BOTH,OPEN
UI-012,UI,Accessibility,P1,P1,"A11y-Audit: leere Namen, unlabeled Felder und zu kleine Ziele",Screenreader-/Touchbedienung deutlich eingeschränkt,"12 Routen: 586 Controls, 4 leere Namen, 13 unlabeled Felder, 469 Ziele <44px",Icon-Buttons und Inputs verlassen sich auf Optik/Placeholder; 24–40px Targets,Accessible Names/Labels und 44px Touchflächen als Komponentenvertrag,0 leere Namen/unlabeled Felder; kritische Touchziele >=44px,L,,Frontend/A11y,BOTH,OPEN
UI-013,UI,Accessibility,P1,P1,Pages-Einträge sind klickbare divs statt Links/Buttons,"Keine Tab-Navigation, keine Linksemantik, schlechter Deep-Link",page.tsx:352-385; live-pages.json listet Einträge nicht als Controls,onClick/cursor-pointer liegt auf div ohne role/tabIndex,Semantische Links/treeitems verwenden,Alle Seiten per Tab/Enter erreichbar und URL kopierbar,S,,Pages/A11y,BOTH,OPEN
UI-014,UI,Error UX,P1,P1,Backend-500 werden als leere Datenzustände verschleiert,"Nutzer glaubt, er habe keine Daten und kann falsche Aktionen ausführen",Finance/Shopping/Email Screenshots + live 500s,Queries behandeln error wie leere Arrays oder ignorieren Statusfehler,"Explizite Error Boundary, Ursache, Retry und Offline-Status","500 zeigt Fehler+Retry, niemals Empty State",M,"FUNC-003,FUNC-004,FUNC-005",Frontend/UX,OBSERVED,OPEN
UI-015,UI,Media UX,P2,P2,Rezeptkarten zeigen riesige leere Bildflächen bei 404,"Unprofessionelle Karten, verschwendete Fläche, schlechter Scan",recipes screenshot; recipe pages always request /recipes/image/:id,Image wird immer gerendert; Listen-/Detailansicht ohne onError-Fallback,Thumbnail-Verfügbarkeit im Modell + kompakter Fallback,404 zeigt definierte Placeholder-Karte ohne Layoutloch,S,,Recipes/Frontend,BOTH,OPEN
UI-016,UI,Pages UX,P2,P2,Pages-Übersicht ist optisch flach und wenig klickbar,Hierarchie und Ziel der Zeilen sind schwer erkennbar; viel tote Fläche,pages-overview screenshot,"Eine große Card um alle Rows, kaum Hover/Chevron/Metadaten","Tree/List mit klaren Row-Zuständen, Sortierung und Suchfeld","Klickziel, Parent/Child und Aktionen sind sofort erkennbar",M,,Pages/UX,OBSERVED,OPEN
UI-017,UI,Settings UX,P2,P2,Settings-Tabs besitzen keine Tab-Semantik und brechen mobil,Screenreader- und Mobile-Navigation unklar,settings/page.tsx:55-70; mobile/settings screenshot,Buttons ohne tablist/tab/aria-selected; feste horizontale Reihe,Radix Tabs oder vollständige ARIA-Tabs plus mobile Scroll/Select,"Keyboard-Pfeile, aria-selected und 320px-Reflow funktionieren",S,,Settings/A11y,BOTH,OPEN
FUNC-001,Code,Routing/Auth,P1,P1,Acht Deep Links verlieren ihr Ziel durch Auth-Hydration-Race,Direkte URLs führen über Login zum Dashboard; Route wirkt defekt,"routes.csv FAIL_REDIRECT_DASHBOARD; documents:70, insurance:88, IT:240, projects:645, search:69, travel:514, vault:60",Effect prüft initial null accessToken vor Zustand-Rehydration,Zentraler AuthBoundary mit hydration state und returnUrl,Direktaufruf jeder geschützten Route bleibt nach Rehydration erhalten,M,,Frontend/Auth,BOTH,OPEN
FUNC-002,Code,Travel,P0,P0,Travel-Frontend und Backend haben unvereinbare API-Pfade,Reisen-Domain ist praktisch unbenutzbar,Frontend /travel/trips; TravelController @Controller(trips); live 404 vs /trips 500,API-Vertrag driftete ohne Contract-Test,Ein kanonischer Prefix und Contract-Test; 500-Ursache beheben,GET/CRUD Travel liefert 2xx und Seite rendert Daten/Empty korrekt,M,,Travel Fullstack,BOTH,OPEN
FUNC-003,Code,Finance,P0,P0,Alle sechs Finance-Kernendpunkte liefern live HTTP 500,Gesamte Finanzdomain zeigt falsche Empty States,"net-worth, budgets, assets, accounts, transactions, savings-goals je 500",Wahrscheinlich Deployment-/Schema-Drift; Startscript toleriert Migrationfehler,"Logs+Migration prüfen, Schema reparieren, Error UI",Alle Endpunkte 2xx; Migration aus leerer und bestehender DB getestet,L,DOCKER-004,Finance/DB,OBSERVED,OPEN
FUNC-004,Code,Shopping,P1,P1,Shopping-Liste liefert live HTTP 500,Einkaufslisten sind nicht verlässlich nutzbar,/api/v1/shopping-lists 500; Shopping-Screenshot zeigt 0 Listen,Backend/DB-Fehler wird als Empty State verschluckt,Endpoint/Schema reparieren und UI-Fehlerstatus,GET 200; Create/Update/Delete E2E grün,M,DOCKER-004,Shopping Fullstack,OBSERVED,OPEN
FUNC-005,Code,Email,P1,P1,E-Mail-Status liefert live HTTP 500,UI zeigt „Keine E-Mails“ statt Integrationsfehler,/api/v1/email/status 500; Email-Screenshot,Fehlerpfad wird nicht getrennt von leerem Postfach,Status-Service reparieren; Connection/Error CTA,Connected/disconnected/error/empty eindeutig getestet,M,,Email/Integrations,OBSERVED,OPEN
FUNC-006,Code,Error Contracts,P2,P2,Ungültige Jellyfin-IDs führen häufig zu 500 statt 404,Schlechte Deep-Link-Resilienz und unnötige Alarmierung,Atlas: detail/children/playlist endpoints mit invalid ID 500,Provider-/Service-Fehler werden unnormalisiert als 500 geworfen,"Not-found auf 404 mappen, Providerfehler RFC7807",Invalid IDs ergeben verständlichen 404-State,M,,Jellyfin Backend,OBSERVED,OPEN
FUNC-007,Code,API Contracts,P1,P1,Travel besitzt acht bestätigte Frontend/Controller-Mismatches,Jeder Travel CRUD-Aufruf trifft falsche Route,api-contracts.csv CONFIRMED_MISMATCH=8,Manuelle Stringpfade ohne OpenAPI-Client,OpenAPI/typed Client generieren und CI-Contract-Gate,0 CONFIRMED_MISMATCH; E2E pro Mutation,M,FUNC-002,Platform/API,CODE_CONFIRMED,OPEN
FUNC-008,Code,Dead Code,P2,P2,Alte Media-MusicLibrary ruft drei nicht existente Endpunkte,Wartungs- und Verwechslungsrisiko,MusicLibrary.tsx unimported; /media/music/* ohne Controller,Abgelöste Komponente blieb im Quellbaum,Löschen oder an aktuelle Jellyfin-Musik-API anbinden,Kein unerreichbarer API-Clientcode,S,,Media/Frontend,CODE_CONFIRMED,OPEN
FUNC-009,Code,Testing,P1,P1,Backend-Testscript besteht trotz null Testdateien,CI vermittelt falsche Sicherheit; Security-/CRUD-Regressions unentdeckt,backend test PASS: No test files found; --passWithNoTests; coverage FAIL,Backend-App filtert Domain-Tests aus und toleriert Leerlauf,No-tests als Fehler; Domain-Suites zentral aggregieren,Backend test führt reale Tests aus; Coverage-Schwelle enforced,M,,QA/Backend,BOTH,OPEN
PAGE-001,Code,Pages UX,P1,P1,"Blocklöschen funktioniert technisch, ist aber versteckt/unzugänglich",Nutzer erlebt Löschen als nicht vorhanden,BlockHandle wrapper opacity 0; live UI Delete 204 + Read-back absent,Delete liegt hinter unsichtbarem Hover-Plus-Menü,"Persistenter Handle bei Fokus/Touch, Delete-Shortcut, Undo",QA: Maus/Touch/Tastatur löschen + Undo; API Read-back,M,,Pages Frontend,BOTH,OPEN
PAGE-002,Code,Pages UX,P1,P1,BlockHandle-Suchfeld filtert nichts,Täuschendes Control und langsame Blockwahl,BlockHandle.tsx:87-95 ohne value/onChange; Optionen ungefiltert,Nur visuelles Input-Skelett implementiert,"Query-State, Filter und Keyboard-Navigation",Eingabe reduziert Liste und Enter wählt Treffer,S,,Pages Frontend,CODE_CONFIRMED,OPEN
PAGE-003,Code,Pages Architecture,P1,P1,Vier widersprüchliche Blocklisten driften,Unsupported Widgets werden angeboten oder fehlen; Änderungen vervielfacht,page.tsx union/defaults/rendering; BlockHandle 15; registry 28; DTO/entity,Keine einzige ausführbare Registry als Source of Truth,"Registry besitzt Schema, Renderer, Default, Commands, Supportstatus",Jeder Typ einmal registriert; CI prüft Frontend/Backend-Parität,L,,Pages Architecture,CODE_CONFIRMED,OPEN
PAGE-004,Code,Pages Editor,P1,P1,Slash-Menü konvertiert aktuellen Block statt neuen einzufügen,Bestehender Text kann unerwartet umgewandelt/verloren werden,"page.tsx:255-257,560-565; SlashMenu.tsx:112-117",onSelect ist an onBlockTypeChange gekoppelt,Insert-at-caret API und stabile Cursorposition,Slash erzeugt neuen Block unter Cursor ohne Inhaltsverlust,M,PAGE-003,Pages Frontend,CODE_CONFIRMED,OPEN
PAGE-005,Code,Pages Editor,P1,P1,Rich-Text-Formatierung ist nicht auffindbar,Bold/Italic/Strike/Link nur über unbekannte Shortcuts oder gar nicht,StarterKit vorhanden; live formatControls=[],Keine Bubble-/Floating-Toolbar und keine Shortcut-Hilfe,Accessible BubbleMenu mit Marks/Link/Code/Highlight,Selection zeigt Toolbar; Keyboard+Screenreader getestet,M,,Pages Frontend,BOTH,OPEN
PAGE-006,Code,Pages Editor,P1,P1,Toggle ist nur Label plus Plain-Textarea,"Keine echten Child-Blocks, Rich Text oder DnD",ToggleBlock.tsx:13-37,Content-Schema speichert String statt Blockhierarchie,Nested block model für Toggle-Children,Kinder beliebiger Typen anlegen/reordern/persistieren,L,PAGE-009,Pages Architecture,CODE_CONFIRMED,OPEN
PAGE-007,Code,Pages Editor,P1,P1,Einklappbare H1/H2/H3 fehlen vollständig,Explizite Nutzeranforderung und Notion-Kernmuster fehlen,Keine toggle_heading-Komponente/Registry/DTO,Toggle und Heading sind getrennte flache Typen,Toggle-Heading-Varianten mit Child-Blocks,"H1/H2/H3 einklappbar, TOC/Keyboard kompatibel",M,PAGE-006,Pages Frontend,CODE_CONFIRMED,OPEN
PAGE-008,Code,Pages Editor,P1,P1,Inhaltsverzeichnis aus Überschriften fehlt,Lange Seiten sind schlecht navigierbar,0 TableOfContents/TOC-Implementierungen,Keine stabilen Heading-Anker oder abgeleitete Outline,Derived TOC-Block/Sidebar aus Heading-Index,"Live aktualisiert, anklickbar, Deep-Link-fähig",M,PAGE-007,Pages Frontend,CODE_CONFIRMED,OPEN
PAGE-009,Code,Pages Architecture,P1,P1,"Multi-Select, Nested Blocks und page-weites Undo fehlen","Keine Bulk-Aktionen, Einrückung oder sichere Strukturänderungen",Keine selectedBlocks/BlockRange; flache sortOrder-Liste,Editor-State modelliert nur einzelne Blöcke,Selection/parentBlockId/command history spezifizieren,"Shift/Ctrl-Auswahl, Bulk move/delete/copy, Undo/Redo E2E",XL,PAGE-003,Pages Architecture,CODE_CONFIRMED,OPEN
PAGE-010,Code,Pages Databases,P1,P1,Everything-is-a-database existiert nur als ungenutzte Tabelle,Notion-Datenbankkonzept faktisch nicht vorhanden,database_pages public.ts:973-981; keine weitere Nutzung,Schema-Stub ohne Repository/Service/API/UI,Vollständigen Vertical Slice planen oder Stub entfernen,"DB-Seite, Row-as-Page und Property CRUD E2E",XL,,Pages/DB,CODE_CONFIRMED,OPEN
PAGE-011,Code,Pages Databases,P1,P1,"Views, Properties, Filter, Relations, Formeln und Rollups fehlen",Wesentlicher Notion-Funktionsumfang fehlt,Keine Pages-Implementierung; pages_databases_concept.md nur Spec,Kein Datenbank-View-/Property-Engine,Phasen: typed properties → table/list → filter/sort → board/calendar → formulas,"Jede Phase mit API-Schema, Migration und UI-E2E",XL,PAGE-010,Pages Fullstack,CODE_CONFIRMED,OPEN
PAGE-012,Code,Pages Reliability,P1,P1,Debounced Textupdate kann beim Unmount verloren gehen,Schnelles Navigieren kann letzte 800ms Text verlieren,page.tsx:225-253 cleanup clearTimeout ohne flush,Pending Update wird beim Cleanup verworfen,Flush on blur/unmount + Save-State/Retry,Navigation <800ms erhält letzten Text nach Reload,S,,Pages Frontend,CODE_CONFIRMED,OPEN
PAGE-013,Code,Pages Security,P0,P0,Block-Operationen validieren Blockzugehörigkeit zur Seite nicht,IDOR: eigener pageId plus fremde blockId kann Update/Delete/Reorder/Versionzugriff auslösen,"pages.service.ts:186-225,228-258",Nur Page-Owner wird geprüft; Block wird global per ID geladen/geändert,Repositorymethoden nach blockId+pageId+ownerId scopen,Cross-owner/page Tests ergeben 404; legitime Operationen grün,M,,Pages Backend/Security,CODE_CONFIRMED,OPEN
PAGE-014,Code,Pages Data Integrity,P1,P1,Reorder ist nicht atomar und akzeptiert beliebige Block-IDs,Teilweise Sortierung/Race und fremde Blocks möglich,pages.service.ts:220-225 Schleife ohne Transaction,Einzelupdates ohne Transaktion/Membership-Check,Transaction + unique positions + page-scoped IDs,Concurrent reorder bleibt konsistent; Rollback bei Fehler,M,PAGE-013,Pages Backend,CODE_CONFIRMED,OPEN
BROW-001,Code,Browser Reliability,P0,P0,Browser Cold Start bleibt nach erstem Fehler im Endlos-Spinner,Kernfunktion wirkt vollständig tot trotz gesundem Renderer,Live „Browser nicht erreichbar“; API später 201; Remount nötig; BrowserBlock:145-154,startStream onError setzt nur status; Effect hängt nur an sessionId,Bounded Retry/Backoff + manueller Retry + Startzustandsmaschine,Container-Coldstart heilt ohne Tabwechsel in Zielzeit,M,,Browser Fullstack,BOTH,OPEN
BROW-002,Code,Browser WebRTC,P0,P0,Live Browser zeigt schwarzen Viewport und Reconnect-Schleife,Browser ist nicht benutzbar,"browser-after-remount screenshot; 4 ended video tracks, status reconnecting",Reconnect reused MediaStream und räumt ended tracks nicht; Handshake instabil,Tracks/srcObject pro Reconnect sauber ersetzen; E2E-Diagnostik,"10-min Stream stabil, currentTime steigt, keine ended-track-Akkumulation",L,BROW-001,Browser/WebRTC,BOTH,OPEN
BROW-003,Code,Browser Auth,P1,P1,Stream-Ticket gilt 24h und WebSocket prüft keinen Origin,Leakbares Queryticket kann lange von fremdem Origin wiederverwendet werden,browser-renderer.service.ts:79; server.js:845-855,"Lange HMAC-TTL, keine Origin-/Single-use-Bindung","5-Min Single-use Ticket, Origin-Allowlist, Rotation",Replay/foreign-origin Tests werden abgelehnt,M,,Browser/Security,CODE_CONFIRMED,OPEN
BROW-004,Code,Browser SSRF,P0,P0,"Redirect-, DNS-Rebinding- und Subresource-SSRF bleiben offen",Bösartige Seite kann Docker-/LAN-Ziele ansteuern,server.js:92-108 prüft nur initial URL; page.goto folgt danach frei,Keine Request-Interception oder egress policy,Renderer-Egress-Proxy/Firewall + jede Request-IP prüfen,Redirect/Subresource/DNS-rebind private Ziele geblockt,L,,Browser/Security,CODE_CONFIRMED,OPEN
BROW-005,Code,Browser Sandbox,P0,P0,Chromium läuft weiterhin mit --no-sandbox,Browser-Exploit erhält direkten Containerprozess; hohes Escape-Risiko,server.js:285-303,Sandbox explizit deaktiviert,Chromium-Sandbox unter non-root korrekt aktivieren,Start ohne --no-sandbox; Security smoke test; cap_drop all,M,,Browser/DevOps,CODE_CONFIRMED,OPEN
BROW-006,Code,Browser Capacity,P0,P0,Unbegrenzte Sessions starten je einen Chromium,Ein Nutzer kann NAS-RAM/CPU erschöpfen,server.js BrowserSessionManager 730-765; keine Limits,"Keine globale/per-user Quota, Queue oder Containerlimit","Sessionpool, Quotas, Queue, TTL und Memory/CPU-Limits",1/2/5/über-Limit Lasttest; kontrollierte 429,L,,Browser/Performance,CODE_CONFIRMED,OPEN
BROW-007,Code,Browser Legacy,P1,P1,Legacy-Proxy-Vertrag und POST sind weiterhin kaputt,Gespeicherte Legacy-Blöcke rendern JSON/GET statt Seite/Form,Renderer /content => {html}; Controller behandelt response.text als HTML; method/postData ignoriert,Widersprüchliche alte Proxyarchitektur,Legacy entfernen/migrieren oder Vertrag vollständig testen,Migration abgeschlossen; kein /proxy oder E2E GET+POST grün,M,,Browser Fullstack,CODE_CONFIRMED,OPEN
BROW-008,Code,Browser Isolation,P1,P1,Legacy-Renderer teilt Session „legacy“ zwischen Nutzern,Cookies/History können Cross-user leaken,"server.js:783-787,833",Konstanter Profil-/Sessionname,Legacy entfernen oder pro Owner/Request isolieren,Zwei Nutzer teilen keinerlei Storage/Cookies,M,BROW-007,Browser/Security,CODE_CONFIRMED,OPEN
BROW-009,Code,Browser Deployment,P1,P1,Renderer-Port 3111 ist in Dev und Prod extern exponiert,Traefik/Auth/Rate-Limit werden umgangen; Angriffsfläche steigt,Compose ports; live /health 200,Browser WS wird direkt statt über kontrollierten Reverse Proxy genutzt,Interne-only Service-Netze; WS via Origin-geschützten Proxy,Hostport geschlossen; Browser funktioniert via HTTPS/WSS,M,DOCKER-006,DevOps/Security,BOTH,OPEN
BROW-010,Code,Browser Persistence,P1,P1,Tab-Synchronisierung verschluckt alle API-Fehler,Tabs können nach Reload fehlen/duplizieren ohne Hinweis,BrowserBlock.tsx:205-235 .catch(()=>undefined),Renderer und DB sind konkurrierende Sources of Truth,Server-authoritative Mapping und sichtbarer Sync-State,Fehler wird angezeigt/retrybar; keine Duplikate,L,,Browser Fullstack,CODE_CONFIRMED,OPEN
BROW-011,Code,Browser Performance,P1,P1,Screenshot→Sharp→JS-I420 ist CPU-intensiver Video-Pfad,Mehrere Sessions skalieren schlecht auf NAS,"server.js:180-203, captureFrame, 15 FPS",Jeder Frame wird voll dekodiert und per JS Pixel für Pixel konvertiert,CDP screencast/native encoder evaluieren; FPS/Quality adaptiv messen,CPU je aktiver Session unter definiertem Ziel,XL,BROW-006,Browser/Performance,CODE_CONFIRMED,OPEN
BROW-012,Code,Browser Testing,P1,P1,Browser besitzt keine UI/WebRTC/Cold-start-E2E-Suite,Kritische Selbstheilungsinvarianten regressieren unbemerkt,Nur 2 Auth-Tests + URL policy; Live Regression,Tests decken nur Token/URL-Policy,Containerisierte E2E-Matrix für Stream/Input/Reconnect/Isolation,"CI reproduziert Coldstart, Black frame, tab CRUD, SSRF",L,,QA/Browser,BOTH,OPEN
SEC-001,Code,Authentication,P0,P0,Gültige Default-Admin-Zugangsdaten sind vorbefüllt und öffentlich angezeigt,Jeder Netzwerkzugreifer erhält sofort Adminzugang,"login/page.tsx:16-17,139-140; Live-Login erfolgreich",Testdefaults wurden in Produktions-UI und Seed-Zustand belassen,Keine Defaults; First-run Setup mit erzwungenem Secretwechsel,Frische Instanz verlangt einmaliges Admin-Setup; UI enthält keine Credentials,M,,Security/Auth,BOTH,OPEN
SEC-002,Code,Authentication,P0,P0,"@Throttle ist wirkungslos, weil ThrottlerGuard nicht registriert ist",Unbegrenztes Brute Force gegen bekannten Adminaccount,"AppModule importiert ThrottlerModule, aber kein APP_GUARD/ThrottlerGuard",Modul konfiguriert ohne Guard; Login-Dekorator suggeriert Schutz,Globalen ThrottlerGuard registrieren; account+IP Limits,6. Fehlversuch im Fenster =>429; verteilte/accountbasierte Tests,S,SEC-001,Security/Auth,CODE_CONFIRMED,OPEN
SEC-003,Code,Vault,P0,P0,Vault-Passwörter und TOTP-Secrets werden im Klartext transportiert/gespeichert/ausgegeben,DB/API/XSS-Kompromiss legt alle Geheimnisse offen,"vault form:379-414; service:19-27; repo:41-46; detail:258-273,318-334","Feld heißt encryptedPassword, aber es gibt keinerlei Encryption; Input type=text",Serverseitige Envelope Encryption/KMS; DTO plaintext nur transient; Secrets nie listen,DB enthält nur AEAD-Ciphertext; key rotation; API redaction; Migration,XL,,Vault/Security,CODE_CONFIRMED,OPEN
SEC-004,Code,Token Security,P1,P1,24h Access-/LocalStorage-Tokens werden zusätzlich in Bild-URLs gelegt,"XSS, Logs, Browser-History und Referrer können Vollzugriffstoken leaken",jwt.ts:16; auth-store.ts; music-api.ts:127/382,Bearer-Token dient zugleich als langlebiges Medien-Querytoken,"Kurze Access-TTL, HttpOnly/BFF oder separate signierte Medientickets",Keine JWTs in URLs; CSP/XSS-Test; Tokenrotation,L,,Security/Auth,CODE_CONFIRMED,OPEN
SEC-005,Code,CORS,P1,P1,Live/Dev-Compose erlaubt CORS * mit credentials,Beliebige Origins dürfen Browser-API-Antworten anfragen,main.ts:18-25; docker-compose.yml CORS_ORIGINS=*,Entwicklungsdefault wurde in Laufzeitkonfiguration übernommen,Exakte Origin-Allowlist pro Umgebung,Fremder Origin scheitert Preflight; LifeHub-Origin grün,S,,Security/Platform,CODE_CONFIRMED,OPEN
SEC-006,Code,Secrets,P1,P1,Dev-Compose enthält feste DB/Redis/Meili-Secrets,Repo-/Image-Leak kompromittiert alle Standardinstanzen,docker-compose.yml environment/commands,Convenience-Credentials sind nicht extern konfiguriert,"Alle Secrets über .env/secret files, Rotation und Beispielwerte",Secret-Scan grün; frische Instanz generiert individuelle Werte,M,,DevOps/Security,CODE_CONFIRMED,OPEN
SEC-007,Code,Dependencies,P1,P1,"Produktions-Audit meldet 49 Vulnerabilities, 22 hoch",Bekannte Schwachstellen in Next/Nest/body-parser/ws u.a.,quality-summary.json; pnpm audit exit 1,Abhängigkeiten wurden nicht regelmäßig aktualisiert/gated,"Patchplan, Overrides nur befristet, Audit-Gate",0 high oder dokumentierte akzeptierte Ausnahme mit Datum,L,,Platform/Security,BOTH,OPEN
PERF-001,Code,Frontend Performance,P1,P1,Build enthält 3.77 MB JS; größter Chunk 513 KB,"Schlechter Cold Load auf Mobile/NAS, unnötige Parsekosten",next-build-metrics.json: 110 JS chunks,Große Libraries/Client Components werden breit gebündelt,"Bundle-Analyzer, dynamische Imports und RSC-Grenzen","Routebudgets: shared <150KB gzip, kein Chunk >250KB raw",L,,Frontend/Performance,CODE_CONFIRMED,OPEN
PERF-002,Code,Frontend Performance,P1,P1,"Recipes lädt bis 1.16 MB encoded, Pages 866 KB",Kernrouten überschreiten sinnvolle Payloadbudgets,live-performance-summary.json,"Viele Bilder/Clientcode, fehlende Optimierung und große Editorabhängigkeiten","Bild-/Route-Lazyload, Split Editor/Browser, Cache-Strategie",LCP<2.5s; definierte KB-Budgets pro Route,L,PERF-001,Frontend/Performance,OBSERVED,OPEN
PERF-003,Code,Images,P1,P1,Lint meldet 38 unoptimierte img-Verwendungen,Bandbreite/LCP und Layoutqualität leiden,quality-summary.json; 404/blank recipe images,Direkte img-URLs ohne Optimizer/Fallback/Dimensionvertrag,"Image-Wrapper mit Thumbnail, sizes, lazy/eager policy und Fallback",0 relevante no-img warnings; LCP/bytes gemessen,L,UI-015,Frontend/Media,BOTH,OPEN
PERF-004,Code,DOM/A11y,P2,P2,Jellyfin-Seiten rendern bis 862 Interactives,Keyboard-/Screenreaderlast und DOM-Kosten steigen,live-atlas-summary.json,Große Listen ohne konsequente Virtualisierung/Progressive Mount,Virtualize/limit mounted rows and controls,DOM/interactive Budget pro View; Tastaturnavigation stabil,L,,Jellyfin Frontend,OBSERVED,OPEN
PERF-005,Code,Database,P1,P1,Pages-Reorder führt N Einzelupdates sequenziell aus,Latenz und Inkonsistenz steigen linear mit Blockzahl,pages.service.ts:220-225,Kein Batch/Transaction,Ein statement/transaction mit Membership-Check,100 Blöcke atomar innerhalb Zielzeit,M,PAGE-014,Pages Backend,CODE_CONFIRMED,OPEN
PERF-006,Code,Database,P2,P2,Userliste lädt Rollen in N+1-Schleife,Adminliste erzeugt pro User zusätzliche Query,users.repository.ts:121-146,findRolesByUserId pro Row,Join/aggregate oder Batch-IN,Querycount bleibt konstant bei 1/100 Usern,S,,Users Backend,CODE_CONFIRMED,OPEN
MAINT-001,Code,Maintainability,P1,P1,Media 1.704 LOC und Pages 1.622 LOC sind Änderungshotspots,"Hohe Kopplung, schwierige Tests und Merge-Konflikte",code-metrics.json,"Route, State, Dialoge, Datenzugriff und Renderer leben in Monolithdateien",Feature-Slices/Hooks/Presenter schrittweise extrahieren,Kein Route-Component >500 LOC; Verhaltenstests grün,L,,Frontend Architecture,CODE_CONFIRMED,OPEN
MAINT-002,Code,Maintainability,P2,P2,73.317 LOC haben nur 22 Testdateien,Viele Domains sind nur manuell abgesichert,code-metrics.json; Backend 0 App-Tests,Testpyramide/CI aggregiert Domain-Tests nicht konsequent,Contract-/Service-/Component-/E2E-Mindestmatrix,Coverage je kritischer Domain mit Schwellen,XL,FUNC-009,QA/Architecture,CODE_CONFIRMED,OPEN
MAINT-003,Code,Quality,P2,P2,Lint besteht trotz 76 Warnungen,Bekannte React-/A11y-/Performanceprobleme werden normalisiert,"quality-summary.json: 38 img, 23 hooks, Alt-Warnungen","CI nutzt Error-only Gate, keine Warning-Baseline",Warnbudget und baseline-aware no-new-warnings,Neue Warnungen 0; Bestand priorisiert abgebaut,M,,Frontend/QA,BOTH,OPEN
DOCKER-001,Code,CI/CD,P0,P0,Tag-Dockerjob kann Frontend/Backend aus Clean Checkout nicht bauen,Release-Pipeline ist nicht reproduzierbar bzw. scheitert,CI Dockerjob fresh checkout; tracked .next/dist jeweils 0; Dockerfiles COPY sie,Build-Artefakte aus vorherigem Job werden weder gebaut noch übertragen,Dockerfiles bauen selbst oder CI lädt signierte Artifacts,Tag aus Clean Checkout baut/pusht alle Images und Smoke-Test startet sie,L,,DevOps/CI,CODE_CONFIRMED,OPEN
DOCKER-002,Code,Docker,P0,P0,Backend-Dockerfile überspringt alle Builds und übernimmt Host-dist,Stale oder fehlende Binärdateien gelangen ins Image,backend Dockerfile:60-69; .dockerignore lässt dist absichtlich zu,Builder-Stage ist nur Attrappe wegen früherem WSL-Problem,Hermetischer Linux-Build mit Ressourcenfix; keine Host-dist-Abhängigkeit,docker build aus git archive erfolgreich; SHA im Binary/Image,L,DOCKER-001,DevOps/Backend,CODE_CONFIRMED,OPEN
DOCKER-003,Code,Docker,P0,P0,Frontend-Image verlangt vorgebautes .next; API-Base ist eingefroren,Runtime-Env in Compose ändert Client/Rewrites nicht; stale UI-Deploys,frontend Dockerfile:5-10; routes-manifest destination backend:3007,Prebuilt-Dockerfile und NEXT_PUBLIC Build-time-Konfiguration,Multi-stage Next build mit explizitem ARG oder same-origin BFF,Image aus Clean Checkout; API-Ziel per dokumentiertem Build/Runtime-Vertrag,L,DOCKER-001,DevOps/Frontend,CODE_CONFIRMED,OPEN
DOCKER-004,Code,Migrations,P0,P0,Backend startet trotz fehlgeschlagener Migration,Teilweise Schema-Stände gehen als scheinbar healthy online,start.sh:29-32 „non-fatal“; Finance/Shopping live 500,Migrationfehler wird verschluckt,"Fail-fast Migration, readiness erst nach Schema-Version",Kaputte Migration verhindert Start; Upgrade/Rollback getestet,M,,DevOps/DB,CODE_CONFIRMED,OPEN
DOCKER-005,Code,Container Security,P1,P1,Frontend und Backend laufen als root,Container-Kompromiss hat unnötig hohe Rechte,Dockerfiles ohne USER; Browser ist positiv non-root,Runner-User nicht definiert,"UID ohne Shell, chown, read-only FS wo möglich",docker inspect zeigt non-root; Schreibpfade explizit,M,,DevOps/Security,CODE_CONFIRMED,OPEN
DOCKER-006,Code,Network,P1,P1,Prod exponiert Backend und Chrome trotz Traefik direkt,"TLS, Rate-Limit und Security-Headers können umgangen werden",docker-compose.prod.yml ports 3007 und 3111,Interne Services veröffentlichen Hostports,Nur Traefik extern; interne Netzsegmente,Portscan Host zeigt nur 80/443 und explizite optionale Dienste,M,BROW-009,DevOps/Security,CODE_CONFIRMED,OPEN
DOCKER-007,Code,Reliability,P1,P1,Keine CPU/RAM/PID-Limits für Browser und Kernservices,Browser-/Query-Spikes können gesamten NAS destabilisieren,Compose ohne deploy/resources/mem_limit/pids_limit,Ressourcenverträge fehlen,"Service-Limits, reservations, ulimits und OOM-Policy",5-Session-Test bleibt innerhalb Budget; Kern-DB verfügbar,M,BROW-006,DevOps/Performance,CODE_CONFIRMED,OPEN
DOCKER-008,Code,Release,P2,P2,Production nutzt mutable latest-Tags ohne Digest/Rollbackvertrag,Nicht reproduzierbare Deploys und unsicheres Rollback,docker-compose.prod.yml ghcr ...:latest,Versiontag wird nicht im Compose fixiert,Immutable Version/Digest + dokumentiertes Rollback,Deployment manifestiert Build-ID/SHA und kann N-1 starten,S,,DevOps/Release,CODE_CONFIRMED,OPEN
MAINT-004,Code,Testing,P1,P1,Rekursiver Workspace-Test scheitert an @lifehub/auth-Auflösung,API-Controller-Suites laufen in CI nicht; pnpm stoppt beim ersten Domainfehler,"workspace-test.log: Contacts API suite FAIL, Dashboard API suite 0 tests; workspace typecheck PASS",Workspace-Package main/exports zeigt auf nicht vorhandene dist-Artefakte oder Vitest-Alias fehlt,Test-Aliases/source exports zentral konfigurieren; Packages vor Tests reproduzierbar bauen,pnpm -r run test läuft aus Clean Checkout vollständig grün und führt alle Controller-Suites aus,M,DOCKER-002,QA/Platform,BOTH,OPEN
